timestamp, utilization.gpu [%], utilization.memory [%], memory.used [MiB], memory.free [MiB], memory.total [MiB], power.draw [W], temperature.gpu
2026/04/02 09:03:22.659, 0 %, 0 %, 0 MiB, 45490 MiB, 46068 MiB, 21.91 W, 30
2026/04/02 09:03:23.665, 0 %, 0 %, 0 MiB, 45490 MiB, 46068 MiB, 21.91 W, 30
2026/04/02 09:03:24.665, 0 %, 0 %, 0 MiB, 45490 MiB, 46068 MiB, 21.95 W, 30
2026/04/02 09:03:25.666, 0 %, 0 %, 0 MiB, 45490 MiB, 46068 MiB, 22.02 W, 30
2026/04/02 09:03:26.666, 0 %, 0 %, 0 MiB, 45490 MiB, 46068 MiB, 21.98 W, 30
2026/04/02 09:03:27.667, 0 %, 0 %, 0 MiB, 45490 MiB, 46068 MiB, 21.93 W, 30
2026/04/02 09:03:28.667, 0 %, 0 %, 0 MiB, 45490 MiB, 46068 MiB, 21.99 W, 30
2026/04/02 09:03:29.668, 0 %, 0 %, 0 MiB, 45490 MiB, 46068 MiB, 22.02 W, 30
2026/04/02 09:03:30.668, 0 %, 0 %, 0 MiB, 45490 MiB, 46068 MiB, 21.98 W, 30
2026/04/02 09:03:31.669, 0 %, 0 %, 0 MiB, 45490 MiB, 46068 MiB, 22.09 W, 30
2026/04/02 09:03:32.669, 0 %, 0 %, 0 MiB, 45490 MiB, 46068 MiB, 22.10 W, 30
2026/04/02 09:03:33.670, 0 %, 0 %, 0 MiB, 45490 MiB, 46068 MiB, 22.05 W, 30
2026/04/02 09:03:34.670, 0 %, 0 %, 0 MiB, 45490 MiB, 46068 MiB, 23.30 W, 30
2026/04/02 09:03:35.671, 0 %, 0 %, 0 MiB, 45490 MiB, 46068 MiB, 23.26 W, 30
2026/04/02 09:03:36.671, 0 %, 0 %, 0 MiB, 45490 MiB, 46068 MiB, 22.00 W, 30
2026/04/02 09:03:37.672, 0 %, 0 %, 0 MiB, 45490 MiB, 46068 MiB, 22.00 W, 30
2026/04/02 09:03:38.672, 0 %, 0 %, 0 MiB, 45490 MiB, 46068 MiB, 21.98 W, 30
2026/04/02 09:03:39.673, 0 %, 0 %, 0 MiB, 45490 MiB, 46068 MiB, 21.95 W, 30
2026/04/02 09:03:40.673, 0 %, 0 %, 0 MiB, 45490 MiB, 46068 MiB, 21.98 W, 30
2026/04/02 09:03:41.674, 0 %, 0 %, 0 MiB, 45490 MiB, 46068 MiB, 22.00 W, 30
2026/04/02 09:03:42.674, 0 %, 0 %, 0 MiB, 45490 MiB, 46068 MiB, 21.97 W, 30
2026/04/02 09:03:43.674, 0 %, 0 %, 0 MiB, 45490 MiB, 46068 MiB, 21.94 W, 30
2026/04/02 09:03:44.675, 0 %, 0 %, 0 MiB, 45490 MiB, 46068 MiB, 21.95 W, 30
2026/04/02 09:03:45.675, 0 %, 0 %, 0 MiB, 45490 MiB, 46068 MiB, 21.98 W, 30
2026/04/02 09:03:46.676, 0 %, 0 %, 0 MiB, 45490 MiB, 46068 MiB, 21.96 W, 30
2026/04/02 09:03:47.676, 0 %, 0 %, 0 MiB, 45490 MiB, 46068 MiB, 22.01 W, 30
2026/04/02 09:03:48.677, 0 %, 0 %, 0 MiB, 45490 MiB, 46068 MiB, 22.06 W, 30
2026/04/02 09:03:49.677, 0 %, 0 %, 3 MiB, 45488 MiB, 46068 MiB, 25.63 W, 30
2026/04/02 09:03:50.677, 0 %, 0 %, 3 MiB, 45488 MiB, 46068 MiB, 29.67 W, 30
2026/04/02 09:03:51.678, 0 %, 0 %, 3 MiB, 45488 MiB, 46068 MiB, 22.72 W, 30
2026/04/02 09:03:52.678, 0 %, 0 %, 3 MiB, 45488 MiB, 46068 MiB, 22.00 W, 30
2026/04/02 09:03:53.679, 0 %, 0 %, 271 MiB, 45220 MiB, 46068 MiB, 26.04 W, 31
2026/04/02 09:03:54.679, 0 %, 0 %, 273 MiB, 45218 MiB, 46068 MiB, 71.75 W, 32
2026/04/02 09:03:55.679, 0 %, 0 %, 273 MiB, 45218 MiB, 46068 MiB, 72.38 W, 32
2026/04/02 09:03:56.680, 0 %, 0 %, 273 MiB, 45218 MiB, 46068 MiB, 72.72 W, 32
2026/04/02 09:03:57.680, 0 %, 0 %, 273 MiB, 45218 MiB, 46068 MiB, 72.75 W, 33
2026/04/02 09:03:58.681, 0 %, 0 %, 385 MiB, 45106 MiB, 46068 MiB, 72.96 W, 33
2026/04/02 09:03:59.681, 0 %, 0 %, 729 MiB, 44762 MiB, 46068 MiB, 73.36 W, 33
2026/04/02 09:04:00.682, 34 %, 23 %, 743 MiB, 44748 MiB, 46068 MiB, 94.10 W, 35
2026/04/02 09:04:01.682, 35 %, 25 %, 743 MiB, 44748 MiB, 46068 MiB, 118.26 W, 36
2026/04/02 09:04:02.683, 34 %, 23 %, 743 MiB, 44748 MiB, 46068 MiB, 116.85 W, 36
2026/04/02 09:04:03.683, 34 %, 23 %, 743 MiB, 44748 MiB, 46068 MiB, 118.58 W, 36
2026/04/02 09:04:04.683, 38 %, 27 %, 743 MiB, 44748 MiB, 46068 MiB, 122.08 W, 37
2026/04/02 09:04:05.684, 35 %, 23 %, 743 MiB, 44748 MiB, 46068 MiB, 117.29 W, 37
2026/04/02 09:04:06.684, 33 %, 22 %, 743 MiB, 44748 MiB, 46068 MiB, 120.34 W, 37
2026/04/02 09:04:07.685, 34 %, 23 %, 743 MiB, 44748 MiB, 46068 MiB, 122.42 W, 37
2026/04/02 09:04:08.686, 37 %, 27 %, 743 MiB, 44748 MiB, 46068 MiB, 117.31 W, 38
2026/04/02 09:04:09.686, 37 %, 26 %, 743 MiB, 44748 MiB, 46068 MiB, 116.48 W, 38
2026/04/02 09:04:10.687, 36 %, 26 %, 743 MiB, 44748 MiB, 46068 MiB, 116.06 W, 38
2026/04/02 09:04:11.687, 34 %, 23 %, 743 MiB, 44748 MiB, 46068 MiB, 118.34 W, 38
2026/04/02 09:04:12.688, 35 %, 24 %, 743 MiB, 44748 MiB, 46068 MiB, 118.55 W, 39
2026/04/02 09:04:13.688, 38 %, 27 %, 743 MiB, 44748 MiB, 46068 MiB, 118.52 W, 39
2026/04/02 09:04:14.689, 37 %, 26 %, 743 MiB, 44748 MiB, 46068 MiB, 117.65 W, 39
2026/04/02 09:04:15.689, 33 %, 22 %, 743 MiB, 44748 MiB, 46068 MiB, 125.30 W, 39
2026/04/02 09:04:16.690, 37 %, 25 %, 743 MiB, 44748 MiB, 46068 MiB, 125.06 W, 40
2026/04/02 09:04:17.690, 33 %, 23 %, 743 MiB, 44748 MiB, 46068 MiB, 118.98 W, 40
2026/04/02 09:04:18.691, 35 %, 24 %, 743 MiB, 44748 MiB, 46068 MiB, 121.03 W, 40
2026/04/02 09:04:19.691, 34 %, 23 %, 743 MiB, 44748 MiB, 46068 MiB, 121.82 W, 40
2026/04/02 09:04:20.691, 35 %, 25 %, 743 MiB, 44748 MiB, 46068 MiB, 118.77 W, 40
2026/04/02 09:04:21.692, 37 %, 26 %, 743 MiB, 44748 MiB, 46068 MiB, 118.46 W, 40
2026/04/02 09:04:22.692, 34 %, 25 %, 743 MiB, 44748 MiB, 46068 MiB, 117.14 W, 41
2026/04/02 09:04:23.693, 34 %, 23 %, 743 MiB, 44748 MiB, 46068 MiB, 120.16 W, 41
2026/04/02 09:04:24.694, 34 %, 23 %, 743 MiB, 44748 MiB, 46068 MiB, 118.23 W, 41
2026/04/02 09:04:25.694, 33 %, 22 %, 743 MiB, 44748 MiB, 46068 MiB, 120.19 W, 41
2026/04/02 09:04:26.694, 34 %, 24 %, 743 MiB, 44748 MiB, 46068 MiB, 117.98 W, 42
2026/04/02 09:04:27.695, 38 %, 27 %, 743 MiB, 44748 MiB, 46068 MiB, 127.46 W, 42
2026/04/02 09:04:28.695, 34 %, 24 %, 743 MiB, 44748 MiB, 46068 MiB, 121.78 W, 42
2026/04/02 09:04:29.696, 33 %, 22 %, 743 MiB, 44748 MiB, 46068 MiB, 119.28 W, 42
2026/04/02 09:04:30.696, 0 %, 0 %, 743 MiB, 44748 MiB, 46068 MiB, 100.42 W, 41
2026/04/02 09:04:31.697, 25 %, 17 %, 743 MiB, 44748 MiB, 46068 MiB, 85.11 W, 41
2026/04/02 09:04:32.697, 36 %, 25 %, 743 MiB, 44748 MiB, 46068 MiB, 121.95 W, 42
2026/04/02 09:04:33.697, 33 %, 24 %, 743 MiB, 44748 MiB, 46068 MiB, 119.16 W, 43
2026/04/02 09:04:34.698, 32 %, 23 %, 743 MiB, 44748 MiB, 46068 MiB, 120.44 W, 43
2026/04/02 09:04:35.698, 34 %, 23 %, 743 MiB, 44748 MiB, 46068 MiB, 126.01 W, 43
2026/04/02 09:04:36.699, 39 %, 27 %, 743 MiB, 44748 MiB, 46068 MiB, 126.58 W, 43
2026/04/02 09:04:37.699, 34 %, 23 %, 743 MiB, 44748 MiB, 46068 MiB, 120.97 W, 44
2026/04/02 09:04:38.700, 33 %, 23 %, 743 MiB, 44748 MiB, 46068 MiB, 123.27 W, 44
2026/04/02 09:04:39.700, 33 %, 22 %, 743 MiB, 44748 MiB, 46068 MiB, 118.08 W, 44
2026/04/02 09:04:40.701, 37 %, 26 %, 743 MiB, 44748 MiB, 46068 MiB, 124.71 W, 44
2026/04/02 09:04:41.701, 37 %, 26 %, 743 MiB, 44748 MiB, 46068 MiB, 120.66 W, 44
2026/04/02 09:04:42.702, 35 %, 24 %, 743 MiB, 44748 MiB, 46068 MiB, 127.32 W, 44
2026/04/02 09:04:43.702, 34 %, 23 %, 743 MiB, 44748 MiB, 46068 MiB, 123.18 W, 45
2026/04/02 09:04:44.702, 36 %, 24 %, 743 MiB, 44748 MiB, 46068 MiB, 127.11 W, 45
2026/04/02 09:04:45.703, 38 %, 26 %, 743 MiB, 44748 MiB, 46068 MiB, 128.97 W, 45
2026/04/02 09:04:46.703, 37 %, 25 %, 743 MiB, 44748 MiB, 46068 MiB, 124.82 W, 45
2026/04/02 09:04:47.704, 36 %, 27 %, 743 MiB, 44748 MiB, 46068 MiB, 125.53 W, 45
2026/04/02 09:04:48.704, 34 %, 23 %, 743 MiB, 44748 MiB, 46068 MiB, 120.87 W, 46
2026/04/02 09:04:49.704, 33 %, 22 %, 743 MiB, 44748 MiB, 46068 MiB, 124.96 W, 46
2026/04/02 09:04:50.705, 38 %, 26 %, 743 MiB, 44748 MiB, 46068 MiB, 124.93 W, 46
2026/04/02 09:04:51.705, 38 %, 26 %, 743 MiB, 44748 MiB, 46068 MiB, 124.70 W, 46
2026/04/02 09:04:52.706, 33 %, 22 %, 743 MiB, 44748 MiB, 46068 MiB, 127.63 W, 46
2026/04/02 09:04:53.706, 36 %, 25 %, 743 MiB, 44748 MiB, 46068 MiB, 125.85 W, 47
2026/04/02 09:04:54.707, 36 %, 25 %, 743 MiB, 44748 MiB, 46068 MiB, 126.86 W, 47
2026/04/02 09:04:55.708, 36 %, 26 %, 743 MiB, 44748 MiB, 46068 MiB, 124.96 W, 47
2026/04/02 09:04:56.708, 34 %, 23 %, 743 MiB, 44748 MiB, 46068 MiB, 125.00 W, 47
2026/04/02 09:04:57.708, 33 %, 22 %, 743 MiB, 44748 MiB, 46068 MiB, 124.63 W, 47
2026/04/02 09:04:58.709, 35 %, 24 %, 743 MiB, 44748 MiB, 46068 MiB, 124.70 W, 47
2026/04/02 09:04:59.709, 41 %, 29 %, 743 MiB, 44748 MiB, 46068 MiB, 121.49 W, 48
2026/04/02 09:05:00.710, 38 %, 26 %, 743 MiB, 44748 MiB, 46068 MiB, 125.85 W, 48
2026/04/02 09:05:01.710, 35 %, 24 %, 743 MiB, 44748 MiB, 46068 MiB, 125.92 W, 48
2026/04/02 09:05:02.711, 35 %, 23 %, 743 MiB, 44748 MiB, 46068 MiB, 129.61 W, 48
2026/04/02 09:05:03.711, 35 %, 26 %, 743 MiB, 44748 MiB, 46068 MiB, 124.90 W, 48
2026/04/02 09:05:04.712, 37 %, 26 %, 743 MiB, 44748 MiB, 46068 MiB, 125.70 W, 49
2026/04/02 09:05:05.712, 38 %, 27 %, 743 MiB, 44748 MiB, 46068 MiB, 127.82 W, 49
2026/04/02 09:05:06.712, 37 %, 26 %, 743 MiB, 44748 MiB, 46068 MiB, 128.90 W, 49
2026/04/02 09:05:07.713, 38 %, 27 %, 743 MiB, 44748 MiB, 46068 MiB, 133.94 W, 49
2026/04/02 09:05:08.713, 37 %, 26 %, 743 MiB, 44748 MiB, 46068 MiB, 127.03 W, 49
2026/04/02 09:05:09.714, 38 %, 26 %, 743 MiB, 44748 MiB, 46068 MiB, 131.57 W, 49
2026/04/02 09:05:10.714, 37 %, 26 %, 743 MiB, 44748 MiB, 46068 MiB, 124.31 W, 49
2026/04/02 09:05:11.715, 34 %, 22 %, 743 MiB, 44748 MiB, 46068 MiB, 125.58 W, 49
2026/04/02 09:05:12.715, 39 %, 29 %, 743 MiB, 44748 MiB, 46068 MiB, 128.51 W, 50
2026/04/02 09:05:13.716, 35 %, 23 %, 743 MiB, 44748 MiB, 46068 MiB, 127.28 W, 50
2026/04/02 09:05:14.716, 34 %, 23 %, 743 MiB, 44748 MiB, 46068 MiB, 124.39 W, 50
2026/04/02 09:05:15.717, 36 %, 26 %, 743 MiB, 44748 MiB, 46068 MiB, 125.94 W, 50
2026/04/02 09:05:16.717, 35 %, 26 %, 743 MiB, 44748 MiB, 46068 MiB, 129.14 W, 50
2026/04/02 09:05:17.718, 40 %, 29 %, 743 MiB, 44748 MiB, 46068 MiB, 129.71 W, 50
2026/04/02 09:05:18.718, 35 %, 24 %, 743 MiB, 44748 MiB, 46068 MiB, 131.73 W, 51
2026/04/02 09:05:19.718, 36 %, 25 %, 743 MiB, 44748 MiB, 46068 MiB, 130.27 W, 51
2026/04/02 09:05:20.719, 36 %, 25 %, 743 MiB, 44748 MiB, 46068 MiB, 132.20 W, 51
2026/04/02 09:05:21.719, 35 %, 26 %, 743 MiB, 44748 MiB, 46068 MiB, 129.68 W, 51
2026/04/02 09:05:22.720, 36 %, 26 %, 743 MiB, 44748 MiB, 46068 MiB, 131.04 W, 51
2026/04/02 09:05:23.720, 36 %, 26 %, 743 MiB, 44748 MiB, 46068 MiB, 130.15 W, 51
2026/04/02 09:05:24.720, 36 %, 24 %, 743 MiB, 44748 MiB, 46068 MiB, 125.19 W, 52
2026/04/02 09:05:25.721, 36 %, 24 %, 743 MiB, 44748 MiB, 46068 MiB, 128.00 W, 51
2026/04/02 09:05:26.721, 39 %, 27 %, 743 MiB, 44748 MiB, 46068 MiB, 134.66 W, 52
2026/04/02 09:05:27.722, 35 %, 25 %, 743 MiB, 44748 MiB, 46068 MiB, 130.84 W, 52
2026/04/02 09:05:28.723, 36 %, 25 %, 743 MiB, 44748 MiB, 46068 MiB, 135.13 W, 52
2026/04/02 09:05:29.723, 40 %, 29 %, 743 MiB, 44748 MiB, 46068 MiB, 130.86 W, 52
2026/04/02 09:05:30.723, 35 %, 24 %, 743 MiB, 44748 MiB, 46068 MiB, 133.27 W, 52
2026/04/02 09:05:31.724, 36 %, 24 %, 743 MiB, 44748 MiB, 46068 MiB, 126.16 W, 52
2026/04/02 09:05:32.724, 36 %, 24 %, 743 MiB, 44748 MiB, 46068 MiB, 133.39 W, 53
2026/04/02 09:05:33.725, 36 %, 26 %, 743 MiB, 44748 MiB, 46068 MiB, 131.77 W, 53
2026/04/02 09:05:34.725, 36 %, 26 %, 743 MiB, 44748 MiB, 46068 MiB, 130.99 W, 53
2026/04/02 09:05:35.726, 38 %, 27 %, 743 MiB, 44748 MiB, 46068 MiB, 130.51 W, 53
2026/04/02 09:05:36.727, 35 %, 23 %, 743 MiB, 44748 MiB, 46068 MiB, 135.10 W, 53
2026/04/02 09:05:37.727, 34 %, 22 %, 743 MiB, 44748 MiB, 46068 MiB, 129.07 W, 53
2026/04/02 09:05:38.727, 34 %, 23 %, 743 MiB, 44748 MiB, 46068 MiB, 129.64 W, 53
2026/04/02 09:05:39.728, 32 %, 20 %, 743 MiB, 44748 MiB, 46068 MiB, 128.20 W, 53
2026/04/02 09:05:40.728, 35 %, 24 %, 743 MiB, 44748 MiB, 46068 MiB, 128.08 W, 53
2026/04/02 09:05:41.729, 37 %, 26 %, 743 MiB, 44748 MiB, 46068 MiB, 132.07 W, 53
2026/04/02 09:05:42.729, 34 %, 24 %, 743 MiB, 44748 MiB, 46068 MiB, 131.15 W, 54
2026/04/02 09:05:43.730, 35 %, 25 %, 743 MiB, 44748 MiB, 46068 MiB, 131.54 W, 54
2026/04/02 09:05:44.730, 39 %, 29 %, 743 MiB, 44748 MiB, 46068 MiB, 131.32 W, 54
2026/04/02 09:05:45.730, 39 %, 29 %, 743 MiB, 44748 MiB, 46068 MiB, 134.59 W, 54
2026/04/02 09:05:46.731, 40 %, 28 %, 743 MiB, 44748 MiB, 46068 MiB, 130.44 W, 54
2026/04/02 09:05:47.731, 35 %, 24 %, 743 MiB, 44748 MiB, 46068 MiB, 129.95 W, 54
2026/04/02 09:05:48.732, 37 %, 27 %, 743 MiB, 44748 MiB, 46068 MiB, 130.94 W, 54
2026/04/02 09:05:49.732, 39 %, 27 %, 743 MiB, 44748 MiB, 46068 MiB, 131.31 W, 54
2026/04/02 09:05:50.732, 36 %, 25 %, 743 MiB, 44748 MiB, 46068 MiB, 133.12 W, 54
2026/04/02 09:05:51.733, 36 %, 24 %, 743 MiB, 44748 MiB, 46068 MiB, 129.74 W, 55
2026/04/02 09:05:52.733, 34 %, 23 %, 743 MiB, 44748 MiB, 46068 MiB, 131.05 W, 55
2026/04/02 09:05:53.734, 35 %, 24 %, 743 MiB, 44748 MiB, 46068 MiB, 131.91 W, 55
2026/04/02 09:05:54.734, 36 %, 25 %, 743 MiB, 44748 MiB, 46068 MiB, 124.94 W, 55
2026/04/02 09:05:55.735, 36 %, 26 %, 743 MiB, 44748 MiB, 46068 MiB, 130.40 W, 55
2026/04/02 09:05:56.735, 35 %, 25 %, 743 MiB, 44748 MiB, 46068 MiB, 129.32 W, 55
2026/04/02 09:05:57.735, 37 %, 26 %, 743 MiB, 44748 MiB, 46068 MiB, 130.32 W, 55
2026/04/02 09:05:58.736, 35 %, 23 %, 743 MiB, 44748 MiB, 46068 MiB, 131.18 W, 55
2026/04/02 09:05:59.736, 37 %, 27 %, 743 MiB, 44748 MiB, 46068 MiB, 127.81 W, 55
2026/04/02 09:06:00.737, 35 %, 26 %, 743 MiB, 44748 MiB, 46068 MiB, 126.16 W, 55
2026/04/02 09:06:01.737, 40 %, 29 %, 743 MiB, 44748 MiB, 46068 MiB, 128.36 W, 55
2026/04/02 09:06:02.737, 34 %, 22 %, 743 MiB, 44748 MiB, 46068 MiB, 133.07 W, 55
2026/04/02 09:06:03.738, 40 %, 29 %, 743 MiB, 44748 MiB, 46068 MiB, 134.71 W, 55
2026/04/02 09:06:04.738, 35 %, 24 %, 743 MiB, 44748 MiB, 46068 MiB, 134.74 W, 55
2026/04/02 09:06:05.739, 34 %, 23 %, 743 MiB, 44748 MiB, 46068 MiB, 124.57 W, 55
2026/04/02 09:06:06.739, 33 %, 22 %, 743 MiB, 44748 MiB, 46068 MiB, 129.20 W, 56
2026/04/02 09:06:07.740, 34 %, 22 %, 743 MiB, 44748 MiB, 46068 MiB, 128.30 W, 56
2026/04/02 09:06:08.740, 34 %, 22 %, 743 MiB, 44748 MiB, 46068 MiB, 127.48 W, 56
2026/04/02 09:06:09.741, 36 %, 26 %, 743 MiB, 44748 MiB, 46068 MiB, 129.62 W, 56
2026/04/02 09:06:10.741, 35 %, 25 %, 743 MiB, 44748 MiB, 46068 MiB, 125.79 W, 56
2026/04/02 09:06:11.742, 36 %, 25 %, 743 MiB, 44748 MiB, 46068 MiB, 128.37 W, 56
2026/04/02 09:06:12.742, 36 %, 24 %, 743 MiB, 44748 MiB, 46068 MiB, 125.07 W, 56
2026/04/02 09:06:13.743, 33 %, 21 %, 743 MiB, 44748 MiB, 46068 MiB, 129.33 W, 56
2026/04/02 09:06:14.743, 36 %, 25 %, 743 MiB, 44748 MiB, 46068 MiB, 130.73 W, 56
2026/04/02 09:06:15.744, 36 %, 25 %, 743 MiB, 44748 MiB, 46068 MiB, 130.10 W, 56
2026/04/02 09:06:16.744, 35 %, 24 %, 743 MiB, 44748 MiB, 46068 MiB, 133.74 W, 56
2026/04/02 09:06:17.745, 36 %, 26 %, 743 MiB, 44748 MiB, 46068 MiB, 133.40 W, 57
2026/04/02 09:06:18.745, 35 %, 23 %, 743 MiB, 44748 MiB, 46068 MiB, 129.46 W, 57
2026/04/02 09:06:19.745, 37 %, 26 %, 743 MiB, 44748 MiB, 46068 MiB, 129.93 W, 57
2026/04/02 09:06:20.746, 39 %, 27 %, 743 MiB, 44748 MiB, 46068 MiB, 129.85 W, 57
2026/04/02 09:06:21.746, 32 %, 21 %, 743 MiB, 44748 MiB, 46068 MiB, 133.11 W, 57
2026/04/02 09:06:22.747, 35 %, 25 %, 743 MiB, 44748 MiB, 46068 MiB, 127.17 W, 57
2026/04/02 09:06:23.747, 34 %, 22 %, 743 MiB, 44748 MiB, 46068 MiB, 129.24 W, 57
2026/04/02 09:06:24.748, 37 %, 25 %, 743 MiB, 44748 MiB, 46068 MiB, 129.47 W, 57
2026/04/02 09:06:25.748, 32 %, 21 %, 743 MiB, 44748 MiB, 46068 MiB, 127.87 W, 57
2026/04/02 09:06:26.748, 36 %, 24 %, 743 MiB, 44748 MiB, 46068 MiB, 133.51 W, 57
2026/04/02 09:06:27.749, 32 %, 16 %, 743 MiB, 44748 MiB, 46068 MiB, 124.02 W, 57
2026/04/02 09:06:28.749, 32 %, 16 %, 743 MiB, 44748 MiB, 46068 MiB, 117.89 W, 57
2026/04/02 09:06:29.750, 32 %, 16 %, 743 MiB, 44748 MiB, 46068 MiB, 118.07 W, 57
2026/04/02 09:06:30.750, 32 %, 16 %, 743 MiB, 44748 MiB, 46068 MiB, 116.54 W, 57
2026/04/02 09:06:31.750, 35 %, 24 %, 743 MiB, 44748 MiB, 46068 MiB, 118.30 W, 57
2026/04/02 09:06:32.751, 37 %, 26 %, 743 MiB, 44748 MiB, 46068 MiB, 132.64 W, 57
2026/04/02 09:06:33.751, 35 %, 26 %, 743 MiB, 44748 MiB, 46068 MiB, 132.42 W, 57
2026/04/02 09:06:34.752, 35 %, 25 %, 743 MiB, 44748 MiB, 46068 MiB, 130.97 W, 57
2026/04/02 09:06:35.752, 41 %, 29 %, 743 MiB, 44748 MiB, 46068 MiB, 131.25 W, 58
2026/04/02 09:06:36.753, 34 %, 22 %, 743 MiB, 44748 MiB, 46068 MiB, 136.68 W, 58
2026/04/02 09:06:37.753, 34 %, 23 %, 743 MiB, 44748 MiB, 46068 MiB, 128.48 W, 58
2026/04/02 09:06:38.754, 38 %, 28 %, 743 MiB, 44748 MiB, 46068 MiB, 125.85 W, 58
2026/04/02 09:06:39.754, 31 %, 20 %, 743 MiB, 44748 MiB, 46068 MiB, 128.51 W, 58
2026/04/02 09:06:40.754, 34 %, 23 %, 743 MiB, 44748 MiB, 46068 MiB, 130.26 W, 58
2026/04/02 09:06:41.755, 36 %, 24 %, 743 MiB, 44748 MiB, 46068 MiB, 131.99 W, 58
2026/04/02 09:06:42.755, 34 %, 23 %, 743 MiB, 44748 MiB, 46068 MiB, 129.39 W, 58
2026/04/02 09:06:43.756, 36 %, 25 %, 743 MiB, 44748 MiB, 46068 MiB, 130.30 W, 58
2026/04/02 09:06:44.756, 36 %, 24 %, 743 MiB, 44748 MiB, 46068 MiB, 134.84 W, 58
2026/04/02 09:06:45.757, 34 %, 22 %, 743 MiB, 44748 MiB, 46068 MiB, 130.56 W, 58
2026/04/02 09:06:46.757, 35 %, 23 %, 743 MiB, 44748 MiB, 46068 MiB, 134.09 W, 59
2026/04/02 09:06:47.757, 38 %, 28 %, 743 MiB, 44748 MiB, 46068 MiB, 129.99 W, 58
2026/04/02 09:06:48.758, 33 %, 23 %, 743 MiB, 44748 MiB, 46068 MiB, 132.98 W, 58
2026/04/02 09:06:49.758, 36 %, 26 %, 743 MiB, 44748 MiB, 46068 MiB, 128.82 W, 58
2026/04/02 09:06:50.759, 35 %, 24 %, 743 MiB, 44748 MiB, 46068 MiB, 129.69 W, 59
2026/04/02 09:06:51.759, 34 %, 24 %, 743 MiB, 44748 MiB, 46068 MiB, 134.90 W, 59
2026/04/02 09:06:52.760, 36 %, 26 %, 743 MiB, 44748 MiB, 46068 MiB, 126.40 W, 59
2026/04/02 09:06:53.760, 36 %, 25 %, 743 MiB, 44748 MiB, 46068 MiB, 132.40 W, 59
2026/04/02 09:06:54.761, 34 %, 24 %, 743 MiB, 44748 MiB, 46068 MiB, 132.33 W, 59
2026/04/02 09:06:55.761, 36 %, 23 %, 743 MiB, 44748 MiB, 46068 MiB, 131.22 W, 59
2026/04/02 09:06:56.762, 37 %, 27 %, 743 MiB, 44748 MiB, 46068 MiB, 132.35 W, 59
2026/04/02 09:06:57.762, 36 %, 24 %, 743 MiB, 44748 MiB, 46068 MiB, 130.03 W, 59
2026/04/02 09:06:58.763, 40 %, 29 %, 743 MiB, 44748 MiB, 46068 MiB, 137.55 W, 59
2026/04/02 09:06:59.763, 33 %, 22 %, 743 MiB, 44748 MiB, 46068 MiB, 138.71 W, 59
2026/04/02 09:07:00.764, 38 %, 28 %, 743 MiB, 44748 MiB, 46068 MiB, 135.88 W, 59
2026/04/02 09:07:01.764, 34 %, 23 %, 743 MiB, 44748 MiB, 46068 MiB, 134.25 W, 59
2026/04/02 09:07:02.764, 34 %, 23 %, 743 MiB, 44748 MiB, 46068 MiB, 131.35 W, 59
2026/04/02 09:07:03.765, 36 %, 26 %, 743 MiB, 44748 MiB, 46068 MiB, 131.37 W, 59
2026/04/02 09:07:04.765, 35 %, 26 %, 743 MiB, 44748 MiB, 46068 MiB, 132.78 W, 59
2026/04/02 09:07:05.766, 34 %, 23 %, 743 MiB, 44748 MiB, 46068 MiB, 135.05 W, 59
2026/04/02 09:07:06.766, 36 %, 26 %, 743 MiB, 44748 MiB, 46068 MiB, 133.58 W, 60
2026/04/02 09:07:07.767, 36 %, 26 %, 743 MiB, 44748 MiB, 46068 MiB, 131.60 W, 60
2026/04/02 09:07:08.767, 36 %, 26 %, 743 MiB, 44748 MiB, 46068 MiB, 134.88 W, 60
2026/04/02 09:07:09.767, 35 %, 24 %, 743 MiB, 44748 MiB, 46068 MiB, 129.08 W, 60
2026/04/02 09:07:10.768, 40 %, 28 %, 743 MiB, 44748 MiB, 46068 MiB, 133.34 W, 60
2026/04/02 09:07:11.768, 34 %, 23 %, 743 MiB, 44748 MiB, 46068 MiB, 135.30 W, 60
2026/04/02 09:07:12.769, 37 %, 26 %, 743 MiB, 44748 MiB, 46068 MiB, 136.73 W, 60
2026/04/02 09:07:13.769, 35 %, 26 %, 743 MiB, 44748 MiB, 46068 MiB, 134.71 W, 60
2026/04/02 09:07:14.769, 36 %, 26 %, 743 MiB, 44748 MiB, 46068 MiB, 132.90 W, 60
2026/04/02 09:07:15.770, 36 %, 25 %, 743 MiB, 44748 MiB, 46068 MiB, 131.76 W, 60
2026/04/02 09:07:16.770, 33 %, 23 %, 743 MiB, 44748 MiB, 46068 MiB, 130.85 W, 60
2026/04/02 09:07:17.771, 35 %, 23 %, 743 MiB, 44748 MiB, 46068 MiB, 130.94 W, 60
2026/04/02 09:07:18.771, 37 %, 25 %, 743 MiB, 44748 MiB, 46068 MiB, 132.46 W, 60
2026/04/02 09:07:19.771, 35 %, 23 %, 743 MiB, 44748 MiB, 46068 MiB, 130.94 W, 60
2026/04/02 09:07:20.772, 33 %, 21 %, 743 MiB, 44748 MiB, 46068 MiB, 132.04 W, 60
2026/04/02 09:07:21.772, 41 %, 29 %, 743 MiB, 44748 MiB, 46068 MiB, 130.12 W, 60
2026/04/02 09:07:22.773, 37 %, 26 %, 743 MiB, 44748 MiB, 46068 MiB, 137.82 W, 60
2026/04/02 09:07:23.773, 31 %, 20 %, 743 MiB, 44748 MiB, 46068 MiB, 132.24 W, 61
2026/04/02 09:07:24.773, 33 %, 21 %, 743 MiB, 44748 MiB, 46068 MiB, 130.12 W, 61
2026/04/02 09:07:25.774, 32 %, 20 %, 743 MiB, 44748 MiB, 46068 MiB, 132.78 W, 61
2026/04/02 09:07:26.774, 34 %, 24 %, 743 MiB, 44748 MiB, 46068 MiB, 133.92 W, 61
2026/04/02 09:07:27.775, 35 %, 24 %, 743 MiB, 44748 MiB, 46068 MiB, 133.03 W, 61
2026/04/02 09:07:28.775, 35 %, 23 %, 743 MiB, 44748 MiB, 46068 MiB, 133.59 W, 61
2026/04/02 09:07:29.775, 35 %, 24 %, 743 MiB, 44748 MiB, 46068 MiB, 132.55 W, 61
2026/04/02 09:07:30.776, 37 %, 26 %, 743 MiB, 44748 MiB, 46068 MiB, 133.34 W, 61
2026/04/02 09:07:31.776, 34 %, 23 %, 743 MiB, 44748 MiB, 46068 MiB, 129.96 W, 61
2026/04/02 09:07:32.777, 37 %, 27 %, 743 MiB, 44748 MiB, 46068 MiB, 137.23 W, 61
2026/04/02 09:07:33.777, 34 %, 23 %, 743 MiB, 44748 MiB, 46068 MiB, 133.22 W, 61
2026/04/02 09:07:34.777, 36 %, 25 %, 743 MiB, 44748 MiB, 46068 MiB, 133.81 W, 61
2026/04/02 09:07:35.778, 37 %, 26 %, 743 MiB, 44748 MiB, 46068 MiB, 136.09 W, 61
2026/04/02 09:07:36.778, 37 %, 28 %, 743 MiB, 44748 MiB, 46068 MiB, 131.50 W, 61
2026/04/02 09:07:37.779, 35 %, 25 %, 743 MiB, 44748 MiB, 46068 MiB, 133.83 W, 61
2026/04/02 09:07:38.779, 35 %, 26 %, 743 MiB, 44748 MiB, 46068 MiB, 133.43 W, 61
2026/04/02 09:07:39.780, 32 %, 20 %, 743 MiB, 44748 MiB, 46068 MiB, 130.48 W, 61
2026/04/02 09:07:40.780, 31 %, 20 %, 743 MiB, 44748 MiB, 46068 MiB, 131.60 W, 61
2026/04/02 09:07:41.781, 36 %, 24 %, 743 MiB, 44748 MiB, 46068 MiB, 133.74 W, 61
2026/04/02 09:07:42.781, 35 %, 26 %, 743 MiB, 44748 MiB, 46068 MiB, 134.62 W, 61
2026/04/02 09:07:43.782, 35 %, 26 %, 743 MiB, 44748 MiB, 46068 MiB, 137.22 W, 62
2026/04/02 09:07:44.782, 34 %, 24 %, 743 MiB, 44748 MiB, 46068 MiB, 132.09 W, 62
2026/04/02 09:07:45.783, 34 %, 23 %, 743 MiB, 44748 MiB, 46068 MiB, 133.69 W, 62
2026/04/02 09:07:46.783, 37 %, 26 %, 743 MiB, 44748 MiB, 46068 MiB, 132.49 W, 62
2026/04/02 09:07:47.784, 42 %, 30 %, 743 MiB, 44748 MiB, 46068 MiB, 139.16 W, 62
2026/04/02 09:07:48.784, 36 %, 25 %, 743 MiB, 44748 MiB, 46068 MiB, 139.28 W, 62
2026/04/02 09:07:49.784, 36 %, 26 %, 743 MiB, 44748 MiB, 46068 MiB, 135.70 W, 62
2026/04/02 09:07:50.785, 37 %, 25 %, 743 MiB, 44748 MiB, 46068 MiB, 134.63 W, 62
2026/04/02 09:07:51.785, 34 %, 24 %, 743 MiB, 44748 MiB, 46068 MiB, 135.64 W, 62
2026/04/02 09:07:52.786, 31 %, 20 %, 743 MiB, 44748 MiB, 46068 MiB, 135.02 W, 62
2026/04/02 09:07:53.786, 32 %, 20 %, 743 MiB, 44748 MiB, 46068 MiB, 133.30 W, 62
2026/04/02 09:07:54.787, 35 %, 24 %, 743 MiB, 44748 MiB, 46068 MiB, 133.62 W, 62
2026/04/02 09:07:55.787, 35 %, 24 %, 743 MiB, 44748 MiB, 46068 MiB, 135.58 W, 62
2026/04/02 09:07:56.788, 37 %, 26 %, 743 MiB, 44748 MiB, 46068 MiB, 136.04 W, 62
2026/04/02 09:07:57.788, 37 %, 28 %, 743 MiB, 44748 MiB, 46068 MiB, 131.65 W, 62
2026/04/02 09:07:58.789, 36 %, 26 %, 743 MiB, 44748 MiB, 46068 MiB, 134.03 W, 62
2026/04/02 09:07:59.789, 36 %, 26 %, 743 MiB, 44748 MiB, 46068 MiB, 138.13 W, 62
2026/04/02 09:08:00.789, 35 %, 25 %, 743 MiB, 44748 MiB, 46068 MiB, 136.16 W, 62
2026/04/02 09:08:01.790, 38 %, 28 %, 743 MiB, 44748 MiB, 46068 MiB, 134.41 W, 62
2026/04/02 09:08:02.790, 35 %, 26 %, 743 MiB, 44748 MiB, 46068 MiB, 132.07 W, 63
2026/04/02 09:08:03.791, 33 %, 23 %, 743 MiB, 44748 MiB, 46068 MiB, 130.85 W, 62
2026/04/02 09:08:04.791, 37 %, 26 %, 743 MiB, 44748 MiB, 46068 MiB, 134.39 W, 62
2026/04/02 09:08:05.791, 35 %, 25 %, 743 MiB, 44748 MiB, 46068 MiB, 133.53 W, 63
2026/04/02 09:08:06.792, 38 %, 27 %, 743 MiB, 44748 MiB, 46068 MiB, 137.66 W, 63
2026/04/02 09:08:07.792, 36 %, 25 %, 743 MiB, 44748 MiB, 46068 MiB, 136.29 W, 63
2026/04/02 09:08:08.793, 34 %, 24 %, 743 MiB, 44748 MiB, 46068 MiB, 137.12 W, 63
2026/04/02 09:08:09.793, 38 %, 27 %, 743 MiB, 44748 MiB, 46068 MiB, 137.00 W, 63
2026/04/02 09:08:10.794, 35 %, 23 %, 743 MiB, 44748 MiB, 46068 MiB, 137.63 W, 63
2026/04/02 09:08:11.794, 34 %, 24 %, 743 MiB, 44748 MiB, 46068 MiB, 135.72 W, 63
2026/04/02 09:08:12.795, 34 %, 23 %, 743 MiB, 44748 MiB, 46068 MiB, 134.86 W, 63
2026/04/02 09:08:13.795, 33 %, 22 %, 743 MiB, 44748 MiB, 46068 MiB, 135.45 W, 63
2026/04/02 09:08:14.796, 35 %, 24 %, 743 MiB, 44748 MiB, 46068 MiB, 134.31 W, 63
2026/04/02 09:08:15.796, 35 %, 24 %, 743 MiB, 44748 MiB, 46068 MiB, 133.05 W, 63
2026/04/02 09:08:16.797, 35 %, 24 %, 743 MiB, 44748 MiB, 46068 MiB, 133.22 W, 63
2026/04/02 09:08:17.797, 34 %, 22 %, 743 MiB, 44748 MiB, 46068 MiB, 135.56 W, 63
2026/04/02 09:08:18.798, 35 %, 24 %, 743 MiB, 44748 MiB, 46068 MiB, 133.46 W, 63
2026/04/02 09:08:19.798, 36 %, 25 %, 743 MiB, 44748 MiB, 46068 MiB, 134.41 W, 63
2026/04/02 09:08:20.798, 35 %, 24 %, 743 MiB, 44748 MiB, 46068 MiB, 137.05 W, 63
2026/04/02 09:08:21.799, 36 %, 26 %, 743 MiB, 44748 MiB, 46068 MiB, 137.75 W, 63
2026/04/02 09:08:22.799, 37 %, 27 %, 743 MiB, 44748 MiB, 46068 MiB, 138.88 W, 63
2026/04/02 09:08:23.800, 36 %, 26 %, 743 MiB, 44748 MiB, 46068 MiB, 136.33 W, 63
2026/04/02 09:08:24.800, 36 %, 25 %, 743 MiB, 44748 MiB, 46068 MiB, 134.77 W, 63
2026/04/02 09:08:25.800, 37 %, 26 %, 743 MiB, 44748 MiB, 46068 MiB, 135.67 W, 64
2026/04/02 09:08:26.801, 36 %, 25 %, 743 MiB, 44748 MiB, 46068 MiB, 140.97 W, 63
2026/04/02 09:08:27.801, 34 %, 24 %, 743 MiB, 44748 MiB, 46068 MiB, 139.46 W, 63
2026/04/02 09:08:28.802, 34 %, 23 %, 743 MiB, 44748 MiB, 46068 MiB, 136.89 W, 63
2026/04/02 09:08:29.802, 35 %, 25 %, 743 MiB, 44748 MiB, 46068 MiB, 132.80 W, 63
2026/04/02 09:08:30.802, 37 %, 27 %, 743 MiB, 44748 MiB, 46068 MiB, 136.90 W, 63
2026/04/02 09:08:31.803, 36 %, 26 %, 743 MiB, 44748 MiB, 46068 MiB, 137.13 W, 64
2026/04/02 09:08:32.803, 38 %, 26 %, 743 MiB, 44748 MiB, 46068 MiB, 141.74 W, 64
2026/04/02 09:08:33.804, 35 %, 24 %, 743 MiB, 44748 MiB, 46068 MiB, 139.74 W, 64
2026/04/02 09:08:34.804, 36 %, 27 %, 743 MiB, 44748 MiB, 46068 MiB, 135.79 W, 64
2026/04/02 09:08:35.805, 40 %, 28 %, 743 MiB, 44748 MiB, 46068 MiB, 142.30 W, 64
2026/04/02 09:08:36.805, 36 %, 25 %, 743 MiB, 44748 MiB, 46068 MiB, 139.44 W, 64
2026/04/02 09:08:37.806, 34 %, 24 %, 743 MiB, 44748 MiB, 46068 MiB, 139.65 W, 64
2026/04/02 09:08:38.806, 37 %, 26 %, 743 MiB, 44748 MiB, 46068 MiB, 134.62 W, 64
2026/04/02 09:08:39.806, 36 %, 27 %, 743 MiB, 44748 MiB, 46068 MiB, 134.31 W, 64
2026/04/02 09:08:40.807, 37 %, 26 %, 743 MiB, 44748 MiB, 46068 MiB, 137.56 W, 64
2026/04/02 09:08:41.807, 38 %, 27 %, 743 MiB, 44748 MiB, 46068 MiB, 138.88 W, 64
2026/04/02 09:08:42.807, 36 %, 25 %, 743 MiB, 44748 MiB, 46068 MiB, 135.17 W, 64
2026/04/02 09:08:43.808, 37 %, 27 %, 743 MiB, 44748 MiB, 46068 MiB, 139.44 W, 64
2026/04/02 09:08:44.808, 37 %, 25 %, 743 MiB, 44748 MiB, 46068 MiB, 133.83 W, 64
2026/04/02 09:08:45.809, 34 %, 23 %, 743 MiB, 44748 MiB, 46068 MiB, 134.59 W, 64
2026/04/02 09:08:46.809, 33 %, 22 %, 743 MiB, 44748 MiB, 46068 MiB, 135.12 W, 64
2026/04/02 09:08:47.809, 34 %, 23 %, 743 MiB, 44748 MiB, 46068 MiB, 133.20 W, 64
2026/04/02 09:08:48.810, 35 %, 24 %, 743 MiB, 44748 MiB, 46068 MiB, 137.79 W, 64
2026/04/02 09:08:49.810, 36 %, 26 %, 743 MiB, 44748 MiB, 46068 MiB, 138.19 W, 64
2026/04/02 09:08:50.811, 36 %, 27 %, 743 MiB, 44748 MiB, 46068 MiB, 136.38 W, 64
2026/04/02 09:08:51.811, 33 %, 22 %, 743 MiB, 44748 MiB, 46068 MiB, 134.78 W, 64
2026/04/02 09:08:52.812, 34 %, 24 %, 743 MiB, 44748 MiB, 46068 MiB, 136.60 W, 64
2026/04/02 09:08:53.812, 36 %, 26 %, 743 MiB, 44748 MiB, 46068 MiB, 136.55 W, 64
2026/04/02 09:08:54.813, 34 %, 24 %, 743 MiB, 44748 MiB, 46068 MiB, 137.59 W, 64
2026/04/02 09:08:55.814, 36 %, 25 %, 743 MiB, 44748 MiB, 46068 MiB, 135.94 W, 65
2026/04/02 09:08:56.814, 34 %, 23 %, 743 MiB, 44748 MiB, 46068 MiB, 138.99 W, 65
2026/04/02 09:08:57.814, 33 %, 17 %, 743 MiB, 44748 MiB, 46068 MiB, 130.74 W, 64
2026/04/02 09:08:58.815, 31 %, 15 %, 743 MiB, 44748 MiB, 46068 MiB, 127.17 W, 64
2026/04/02 09:08:59.815, 32 %, 16 %, 743 MiB, 44748 MiB, 46068 MiB, 124.58 W, 64
2026/04/02 09:09:00.816, 33 %, 17 %, 743 MiB, 44748 MiB, 46068 MiB, 122.76 W, 64
2026/04/02 09:09:01.816, 32 %, 16 %, 743 MiB, 44748 MiB, 46068 MiB, 123.36 W, 64
2026/04/02 09:09:02.816, 35 %, 24 %, 743 MiB, 44748 MiB, 46068 MiB, 132.76 W, 64
2026/04/02 09:09:03.817, 36 %, 25 %, 743 MiB, 44748 MiB, 46068 MiB, 134.95 W, 64
2026/04/02 09:09:04.817, 37 %, 26 %, 743 MiB, 44748 MiB, 46068 MiB, 139.85 W, 65
2026/04/02 09:09:05.817, 33 %, 24 %, 743 MiB, 44748 MiB, 46068 MiB, 139.41 W, 65
2026/04/02 09:09:06.818, 37 %, 26 %, 743 MiB, 44748 MiB, 46068 MiB, 135.47 W, 65
2026/04/02 09:09:07.818, 38 %, 26 %, 743 MiB, 44748 MiB, 46068 MiB, 140.02 W, 65
2026/04/02 09:09:08.819, 34 %, 23 %, 743 MiB, 44748 MiB, 46068 MiB, 139.04 W, 65
2026/04/02 09:09:09.819, 38 %, 26 %, 743 MiB, 44748 MiB, 46068 MiB, 143.50 W, 65
2026/04/02 09:09:10.820, 33 %, 22 %, 743 MiB, 44748 MiB, 46068 MiB, 137.62 W, 65
2026/04/02 09:09:11.820, 36 %, 25 %, 743 MiB, 44748 MiB, 46068 MiB, 137.49 W, 65
2026/04/02 09:09:12.821, 35 %, 25 %, 743 MiB, 44748 MiB, 46068 MiB, 140.16 W, 65
2026/04/02 09:09:13.821, 34 %, 23 %, 743 MiB, 44748 MiB, 46068 MiB, 140.18 W, 65
2026/04/02 09:09:14.822, 37 %, 27 %, 743 MiB, 44748 MiB, 46068 MiB, 139.17 W, 65
2026/04/02 09:09:15.822, 37 %, 27 %, 743 MiB, 44748 MiB, 46068 MiB, 138.68 W, 65
2026/04/02 09:09:16.822, 34 %, 23 %, 743 MiB, 44748 MiB, 46068 MiB, 143.45 W, 65
2026/04/02 09:09:17.823, 33 %, 23 %, 743 MiB, 44748 MiB, 46068 MiB, 136.18 W, 65
2026/04/02 09:09:18.823, 37 %, 26 %, 743 MiB, 44748 MiB, 46068 MiB, 135.46 W, 65
2026/04/02 09:09:19.824, 34 %, 23 %, 743 MiB, 44748 MiB, 46068 MiB, 142.74 W, 65
2026/04/02 09:09:20.824, 34 %, 23 %, 743 MiB, 44748 MiB, 46068 MiB, 141.54 W, 65
2026/04/02 09:09:21.824, 35 %, 25 %, 743 MiB, 44748 MiB, 46068 MiB, 136.41 W, 65
2026/04/02 09:09:22.825, 36 %, 27 %, 743 MiB, 44748 MiB, 46068 MiB, 137.59 W, 65
2026/04/02 09:09:23.825, 34 %, 23 %, 743 MiB, 44748 MiB, 46068 MiB, 138.60 W, 65
2026/04/02 09:09:24.826, 33 %, 22 %, 743 MiB, 44748 MiB, 46068 MiB, 137.60 W, 65
2026/04/02 09:09:25.826, 34 %, 23 %, 743 MiB, 44748 MiB, 46068 MiB, 138.19 W, 65
2026/04/02 09:09:26.827, 35 %, 24 %, 743 MiB, 44748 MiB, 46068 MiB, 140.37 W, 65
2026/04/02 09:09:27.827, 36 %, 27 %, 743 MiB, 44748 MiB, 46068 MiB, 139.71 W, 65
2026/04/02 09:09:28.828, 36 %, 25 %, 743 MiB, 44748 MiB, 46068 MiB, 139.48 W, 66
2026/04/02 09:09:29.828, 36 %, 26 %, 743 MiB, 44748 MiB, 46068 MiB, 145.15 W, 66
2026/04/02 09:09:30.829, 35 %, 24 %, 743 MiB, 44748 MiB, 46068 MiB, 141.28 W, 66
2026/04/02 09:09:31.829, 36 %, 24 %, 743 MiB, 44748 MiB, 46068 MiB, 140.51 W, 66
2026/04/02 09:09:32.830, 33 %, 22 %, 743 MiB, 44748 MiB, 46068 MiB, 139.54 W, 66
2026/04/02 09:09:33.830, 35 %, 24 %, 743 MiB, 44748 MiB, 46068 MiB, 137.64 W, 66
2026/04/02 09:09:34.831, 36 %, 25 %, 743 MiB, 44748 MiB, 46068 MiB, 141.23 W, 66
2026/04/02 09:09:35.831, 34 %, 23 %, 743 MiB, 44748 MiB, 46068 MiB, 141.08 W, 66
2026/04/02 09:09:36.831, 34 %, 23 %, 743 MiB, 44748 MiB, 46068 MiB, 138.19 W, 66
2026/04/02 09:09:37.832, 35 %, 23 %, 743 MiB, 44748 MiB, 46068 MiB, 139.42 W, 66
2026/04/02 09:09:38.832, 36 %, 25 %, 743 MiB, 44748 MiB, 46068 MiB, 139.02 W, 66
2026/04/02 09:09:39.833, 37 %, 27 %, 743 MiB, 44748 MiB, 46068 MiB, 137.49 W, 66
2026/04/02 09:09:40.833, 33 %, 24 %, 743 MiB, 44748 MiB, 46068 MiB, 140.23 W, 66
2026/04/02 09:09:41.834, 35 %, 24 %, 743 MiB, 44748 MiB, 46068 MiB, 138.54 W, 66
2026/04/02 09:09:42.834, 35 %, 24 %, 743 MiB, 44748 MiB, 46068 MiB, 137.03 W, 66
2026/04/02 09:09:43.834, 37 %, 27 %, 743 MiB, 44748 MiB, 46068 MiB, 137.63 W, 66
2026/04/02 09:09:44.835, 35 %, 24 %, 743 MiB, 44748 MiB, 46068 MiB, 137.58 W, 66
2026/04/02 09:09:45.835, 32 %, 21 %, 743 MiB, 44748 MiB, 46068 MiB, 139.46 W, 66
2026/04/02 09:09:46.835, 37 %, 26 %, 743 MiB, 44748 MiB, 46068 MiB, 139.87 W, 66
2026/04/02 09:09:47.836, 36 %, 27 %, 743 MiB, 44748 MiB, 46068 MiB, 141.07 W, 66
2026/04/02 09:09:48.836, 35 %, 24 %, 743 MiB, 44748 MiB, 46068 MiB, 140.70 W, 66
2026/04/02 09:09:49.837, 35 %, 25 %, 743 MiB, 44748 MiB, 46068 MiB, 139.61 W, 66
2026/04/02 09:09:50.837, 35 %, 24 %, 743 MiB, 44748 MiB, 46068 MiB, 140.72 W, 66
2026/04/02 09:09:51.838, 33 %, 22 %, 743 MiB, 44748 MiB, 46068 MiB, 137.03 W, 66
2026/04/02 09:09:52.838, 36 %, 26 %, 743 MiB, 44748 MiB, 46068 MiB, 136.79 W, 66
2026/04/02 09:09:53.839, 36 %, 27 %, 743 MiB, 44748 MiB, 46068 MiB, 139.93 W, 66
2026/04/02 09:09:54.839, 35 %, 25 %, 743 MiB, 44748 MiB, 46068 MiB, 140.59 W, 66
2026/04/02 09:09:55.840, 34 %, 23 %, 743 MiB, 44748 MiB, 46068 MiB, 138.89 W, 66
2026/04/02 09:09:56.840, 37 %, 26 %, 743 MiB, 44748 MiB, 46068 MiB, 136.90 W, 66
2026/04/02 09:09:57.840, 34 %, 24 %, 743 MiB, 44748 MiB, 46068 MiB, 140.00 W, 66
2026/04/02 09:09:58.841, 37 %, 26 %, 743 MiB, 44748 MiB, 46068 MiB, 138.04 W, 67
2026/04/02 09:09:59.841, 37 %, 27 %, 743 MiB, 44748 MiB, 46068 MiB, 141.24 W, 67
2026/04/02 09:10:00.842, 37 %, 26 %, 743 MiB, 44748 MiB, 46068 MiB, 142.34 W, 67
2026/04/02 09:10:01.842, 38 %, 26 %, 743 MiB, 44748 MiB, 46068 MiB, 141.52 W, 66
2026/04/02 09:10:02.843, 37 %, 25 %, 743 MiB, 44748 MiB, 46068 MiB, 141.52 W, 67
2026/04/02 09:10:03.843, 35 %, 24 %, 743 MiB, 44748 MiB, 46068 MiB, 134.14 W, 67
2026/04/02 09:10:04.844, 35 %, 24 %, 743 MiB, 44748 MiB, 46068 MiB, 139.93 W, 67
2026/04/02 09:10:05.844, 36 %, 26 %, 743 MiB, 44748 MiB, 46068 MiB, 141.24 W, 67
2026/04/02 09:10:06.844, 36 %, 24 %, 743 MiB, 44748 MiB, 46068 MiB, 141.65 W, 67
2026/04/02 09:10:07.845, 37 %, 26 %, 743 MiB, 44748 MiB, 46068 MiB, 139.31 W, 67
2026/04/02 09:10:08.845, 37 %, 27 %, 743 MiB, 44748 MiB, 46068 MiB, 139.84 W, 67
2026/04/02 09:10:09.846, 34 %, 22 %, 743 MiB, 44748 MiB, 46068 MiB, 141.93 W, 67
2026/04/02 09:10:10.846, 40 %, 28 %, 743 MiB, 44748 MiB, 46068 MiB, 140.07 W, 67
2026/04/02 09:10:11.846, 37 %, 27 %, 743 MiB, 44748 MiB, 46068 MiB, 137.99 W, 67
2026/04/02 09:10:12.847, 36 %, 25 %, 743 MiB, 44748 MiB, 46068 MiB, 140.18 W, 67
2026/04/02 09:10:13.847, 38 %, 27 %, 743 MiB, 44748 MiB, 46068 MiB, 140.61 W, 67
2026/04/02 09:10:14.848, 35 %, 25 %, 743 MiB, 44748 MiB, 46068 MiB, 145.10 W, 67
2026/04/02 09:10:15.848, 34 %, 23 %, 743 MiB, 44748 MiB, 46068 MiB, 138.33 W, 67
2026/04/02 09:10:16.849, 38 %, 26 %, 743 MiB, 44748 MiB, 46068 MiB, 138.20 W, 67
2026/04/02 09:10:17.849, 35 %, 24 %, 743 MiB, 44748 MiB, 46068 MiB, 144.27 W, 67
2026/04/02 09:10:18.850, 36 %, 25 %, 743 MiB, 44748 MiB, 46068 MiB, 141.34 W, 67
2026/04/02 09:10:19.850, 38 %, 26 %, 743 MiB, 44748 MiB, 46068 MiB, 141.91 W, 67
2026/04/02 09:10:20.851, 36 %, 26 %, 743 MiB, 44748 MiB, 46068 MiB, 142.02 W, 67
2026/04/02 09:10:21.851, 37 %, 27 %, 743 MiB, 44748 MiB, 46068 MiB, 141.07 W, 67
2026/04/02 09:10:22.852, 38 %, 26 %, 743 MiB, 44748 MiB, 46068 MiB, 141.23 W, 67
2026/04/02 09:10:23.852, 36 %, 26 %, 743 MiB, 44748 MiB, 46068 MiB, 143.05 W, 67
2026/04/02 09:10:24.853, 37 %, 25 %, 743 MiB, 44748 MiB, 46068 MiB, 137.34 W, 67
2026/04/02 09:10:25.853, 35 %, 24 %, 743 MiB, 44748 MiB, 46068 MiB, 141.75 W, 67
2026/04/02 09:10:26.853, 39 %, 27 %, 743 MiB, 44748 MiB, 46068 MiB, 139.31 W, 67
2026/04/02 09:10:27.854, 39 %, 27 %, 743 MiB, 44748 MiB, 46068 MiB, 140.27 W, 67
2026/04/02 09:10:28.854, 36 %, 25 %, 743 MiB, 44748 MiB, 46068 MiB, 147.43 W, 67
2026/04/02 09:10:29.855, 36 %, 25 %, 743 MiB, 44748 MiB, 46068 MiB, 144.08 W, 67
2026/04/02 09:10:30.855, 38 %, 27 %, 743 MiB, 44748 MiB, 46068 MiB, 142.02 W, 67
2026/04/02 09:10:31.855, 35 %, 24 %, 743 MiB, 44748 MiB, 46068 MiB, 141.27 W, 68
2026/04/02 09:10:32.856, 36 %, 26 %, 743 MiB, 44748 MiB, 46068 MiB, 143.76 W, 67
2026/04/02 09:10:33.856, 38 %, 26 %, 743 MiB, 44748 MiB, 46068 MiB, 143.05 W, 68
2026/04/02 09:10:34.857, 35 %, 24 %, 743 MiB, 44748 MiB, 46068 MiB, 146.86 W, 68
2026/04/02 09:10:35.857, 36 %, 26 %, 743 MiB, 44748 MiB, 46068 MiB, 138.88 W, 67
2026/04/02 09:10:36.858, 39 %, 26 %, 743 MiB, 44748 MiB, 46068 MiB, 144.93 W, 68
2026/04/02 09:10:37.858, 35 %, 25 %, 743 MiB, 44748 MiB, 46068 MiB, 144.10 W, 68
2026/04/02 09:10:38.859, 35 %, 24 %, 743 MiB, 44748 MiB, 46068 MiB, 144.15 W, 68
2026/04/02 09:10:39.859, 38 %, 26 %, 743 MiB, 44748 MiB, 46068 MiB, 143.58 W, 68
2026/04/02 09:10:40.859, 35 %, 25 %, 743 MiB, 44748 MiB, 46068 MiB, 149.16 W, 68
2026/04/02 09:10:41.860, 35 %, 24 %, 743 MiB, 44748 MiB, 46068 MiB, 145.12 W, 68
2026/04/02 09:10:42.860, 37 %, 26 %, 743 MiB, 44748 MiB, 46068 MiB, 142.94 W, 68
2026/04/02 09:10:43.861, 34 %, 23 %, 743 MiB, 44748 MiB, 46068 MiB, 137.49 W, 68
2026/04/02 09:10:44.861, 34 %, 23 %, 743 MiB, 44748 MiB, 46068 MiB, 140.35 W, 68
2026/04/02 09:10:45.862, 36 %, 25 %, 743 MiB, 44748 MiB, 46068 MiB, 141.56 W, 68
2026/04/02 09:10:46.862, 34 %, 23 %, 743 MiB, 44748 MiB, 46068 MiB, 143.01 W, 68
2026/04/02 09:10:47.863, 33 %, 23 %, 743 MiB, 44748 MiB, 46068 MiB, 139.82 W, 68
2026/04/02 09:10:48.863, 35 %, 23 %, 743 MiB, 44748 MiB, 46068 MiB, 138.19 W, 68
2026/04/02 09:10:49.863, 33 %, 22 %, 743 MiB, 44748 MiB, 46068 MiB, 139.23 W, 68
2026/04/02 09:10:50.864, 35 %, 24 %, 743 MiB, 44748 MiB, 46068 MiB, 139.44 W, 68
2026/04/02 09:10:51.864, 37 %, 27 %, 743 MiB, 44748 MiB, 46068 MiB, 141.93 W, 68
2026/04/02 09:10:52.865, 36 %, 26 %, 743 MiB, 44748 MiB, 46068 MiB, 141.27 W, 68
2026/04/02 09:10:53.865, 35 %, 26 %, 743 MiB, 44748 MiB, 46068 MiB, 142.26 W, 68
2026/04/02 09:10:54.866, 34 %, 23 %, 743 MiB, 44748 MiB, 46068 MiB, 140.84 W, 68
2026/04/02 09:10:55.866, 36 %, 26 %, 743 MiB, 44748 MiB, 46068 MiB, 140.52 W, 68
2026/04/02 09:10:56.867, 35 %, 25 %, 743 MiB, 44748 MiB, 46068 MiB, 141.25 W, 68
2026/04/02 09:10:57.867, 35 %, 26 %, 743 MiB, 44748 MiB, 46068 MiB, 141.32 W, 68
2026/04/02 09:10:58.867, 32 %, 21 %, 743 MiB, 44748 MiB, 46068 MiB, 137.93 W, 68
2026/04/02 09:10:59.868, 32 %, 20 %, 743 MiB, 44748 MiB, 46068 MiB, 137.76 W, 68
2026/04/02 09:11:00.868, 32 %, 20 %, 743 MiB, 44748 MiB, 46068 MiB, 141.35 W, 68
2026/04/02 09:11:01.868, 33 %, 21 %, 743 MiB, 44748 MiB, 46068 MiB, 140.49 W, 68
2026/04/02 09:11:02.869, 34 %, 23 %, 743 MiB, 44748 MiB, 46068 MiB, 140.14 W, 68
2026/04/02 09:11:03.869, 35 %, 25 %, 743 MiB, 44748 MiB, 46068 MiB, 141.53 W, 68
2026/04/02 09:11:04.870, 38 %, 26 %, 743 MiB, 44748 MiB, 46068 MiB, 145.64 W, 68
2026/04/02 09:11:05.870, 39 %, 29 %, 743 MiB, 44748 MiB, 46068 MiB, 144.39 W, 68
2026/04/02 09:11:06.871, 38 %, 28 %, 743 MiB, 44748 MiB, 46068 MiB, 139.30 W, 68
2026/04/02 09:11:07.871, 36 %, 25 %, 743 MiB, 44748 MiB, 46068 MiB, 140.22 W, 68
2026/04/02 09:11:08.871, 35 %, 24 %, 743 MiB, 44748 MiB, 46068 MiB, 142.50 W, 68
2026/04/02 09:11:09.872, 35 %, 26 %, 743 MiB, 44748 MiB, 46068 MiB, 141.24 W, 68
2026/04/02 09:11:10.873, 36 %, 26 %, 743 MiB, 44748 MiB, 46068 MiB, 141.46 W, 68
2026/04/02 09:11:11.873, 34 %, 23 %, 743 MiB, 44748 MiB, 46068 MiB, 141.69 W, 68
2026/04/02 09:11:12.874, 37 %, 27 %, 743 MiB, 44748 MiB, 46068 MiB, 142.71 W, 68
2026/04/02 09:11:13.874, 38 %, 26 %, 743 MiB, 44748 MiB, 46068 MiB, 147.62 W, 68
2026/04/02 09:11:14.875, 36 %, 25 %, 743 MiB, 44748 MiB, 46068 MiB, 147.71 W, 68
2026/04/02 09:11:15.875, 39 %, 26 %, 743 MiB, 44748 MiB, 46068 MiB, 144.25 W, 69
2026/04/02 09:11:16.876, 35 %, 23 %, 743 MiB, 44748 MiB, 46068 MiB, 147.78 W, 69
2026/04/02 09:11:17.876, 35 %, 23 %, 743 MiB, 44748 MiB, 46068 MiB, 139.88 W, 68
2026/04/02 09:11:18.877, 38 %, 27 %, 743 MiB, 44748 MiB, 46068 MiB, 145.44 W, 69
2026/04/02 09:11:19.877, 36 %, 25 %, 743 MiB, 44748 MiB, 46068 MiB, 146.60 W, 69
2026/04/02 09:11:20.878, 34 %, 24 %, 743 MiB, 44748 MiB, 46068 MiB, 140.48 W, 69
2026/04/02 09:11:21.878, 35 %, 24 %, 743 MiB, 44748 MiB, 46068 MiB, 142.19 W, 69
2026/04/02 09:11:22.878, 38 %, 28 %, 743 MiB, 44748 MiB, 46068 MiB, 139.42 W, 69
2026/04/02 09:11:23.879, 36 %, 25 %, 743 MiB, 44748 MiB, 46068 MiB, 145.29 W, 69
2026/04/02 09:11:24.879, 36 %, 24 %, 743 MiB, 44748 MiB, 46068 MiB, 146.49 W, 69
2026/04/02 09:11:25.880, 35 %, 25 %, 743 MiB, 44748 MiB, 46068 MiB, 145.38 W, 69
2026/04/02 09:11:26.880, 37 %, 26 %, 743 MiB, 44748 MiB, 46068 MiB, 147.14 W, 69
2026/04/02 09:11:27.880, 32 %, 16 %, 743 MiB, 44748 MiB, 46068 MiB, 132.18 W, 68
2026/04/02 09:11:28.881, 32 %, 16 %, 743 MiB, 44748 MiB, 46068 MiB, 128.96 W, 68
2026/04/02 09:11:29.881, 32 %, 16 %, 743 MiB, 44748 MiB, 46068 MiB, 128.86 W, 68
2026/04/02 09:11:30.882, 32 %, 16 %, 743 MiB, 44748 MiB, 46068 MiB, 129.68 W, 68
2026/04/02 09:11:31.882, 35 %, 24 %, 743 MiB, 44748 MiB, 46068 MiB, 131.45 W, 68
2026/04/02 09:11:32.882, 37 %, 26 %, 743 MiB, 44748 MiB, 46068 MiB, 144.77 W, 69
2026/04/02 09:11:33.883, 36 %, 24 %, 743 MiB, 44748 MiB, 46068 MiB, 140.58 W, 69
2026/04/02 09:11:34.883, 36 %, 27 %, 743 MiB, 44748 MiB, 46068 MiB, 139.70 W, 69
2026/04/02 09:11:35.884, 36 %, 26 %, 743 MiB, 44748 MiB, 46068 MiB, 146.04 W, 69
2026/04/02 09:11:36.884, 41 %, 29 %, 743 MiB, 44748 MiB, 46068 MiB, 146.38 W, 69
2026/04/02 09:11:37.885, 34 %, 23 %, 743 MiB, 44748 MiB, 46068 MiB, 146.11 W, 69
2026/04/02 09:11:38.885, 39 %, 26 %, 743 MiB, 44748 MiB, 46068 MiB, 144.03 W, 69
2026/04/02 09:11:39.886, 34 %, 22 %, 743 MiB, 44748 MiB, 46068 MiB, 142.29 W, 69
2026/04/02 09:11:40.886, 33 %, 22 %, 743 MiB, 44748 MiB, 46068 MiB, 139.52 W, 69
2026/04/02 09:11:41.886, 37 %, 25 %, 743 MiB, 44748 MiB, 46068 MiB, 141.09 W, 69
2026/04/02 09:11:42.887, 35 %, 24 %, 743 MiB, 44748 MiB, 46068 MiB, 143.86 W, 69
2026/04/02 09:11:43.887, 33 %, 22 %, 743 MiB, 44748 MiB, 46068 MiB, 141.50 W, 69
2026/04/02 09:11:44.888, 36 %, 25 %, 743 MiB, 44748 MiB, 46068 MiB, 142.60 W, 69
2026/04/02 09:11:45.888, 35 %, 23 %, 743 MiB, 44748 MiB, 46068 MiB, 145.82 W, 69
2026/04/02 09:11:46.888, 38 %, 27 %, 743 MiB, 44748 MiB, 46068 MiB, 142.29 W, 69
2026/04/02 09:11:47.889, 37 %, 25 %, 743 MiB, 44748 MiB, 46068 MiB, 142.39 W, 69
2026/04/02 09:11:48.889, 35 %, 23 %, 743 MiB, 44748 MiB, 46068 MiB, 144.66 W, 69
2026/04/02 09:11:49.890, 34 %, 22 %, 743 MiB, 44748 MiB, 46068 MiB, 138.19 W, 69
2026/04/02 09:11:50.890, 34 %, 23 %, 743 MiB, 44748 MiB, 46068 MiB, 142.71 W, 69
2026/04/02 09:11:51.891, 35 %, 23 %, 743 MiB, 44748 MiB, 46068 MiB, 141.75 W, 69
2026/04/02 09:11:52.891, 35 %, 24 %, 743 MiB, 44748 MiB, 46068 MiB, 142.40 W, 69
2026/04/02 09:11:53.892, 39 %, 27 %, 743 MiB, 44748 MiB, 46068 MiB, 148.10 W, 69
2026/04/02 09:11:54.892, 35 %, 26 %, 743 MiB, 44748 MiB, 46068 MiB, 146.65 W, 69
2026/04/02 09:11:55.893, 38 %, 26 %, 743 MiB, 44748 MiB, 46068 MiB, 141.52 W, 70
2026/04/02 09:11:56.893, 35 %, 26 %, 743 MiB, 44748 MiB, 46068 MiB, 147.58 W, 69
2026/04/02 09:11:57.894, 34 %, 23 %, 743 MiB, 44748 MiB, 46068 MiB, 140.65 W, 69
2026/04/02 09:11:58.894, 34 %, 22 %, 743 MiB, 44748 MiB, 46068 MiB, 141.68 W, 69
2026/04/02 09:11:59.895, 34 %, 22 %, 743 MiB, 44748 MiB, 46068 MiB, 142.18 W, 69
2026/04/02 09:12:00.895, 34 %, 22 %, 743 MiB, 44748 MiB, 46068 MiB, 140.85 W, 69
2026/04/02 09:12:01.895, 35 %, 25 %, 743 MiB, 44748 MiB, 46068 MiB, 141.21 W, 69
2026/04/02 09:12:02.896, 36 %, 26 %, 743 MiB, 44748 MiB, 46068 MiB, 144.25 W, 69
2026/04/02 09:12:03.896, 35 %, 26 %, 743 MiB, 44748 MiB, 46068 MiB, 141.75 W, 69
2026/04/02 09:12:04.897, 37 %, 24 %, 743 MiB, 44748 MiB, 46068 MiB, 142.82 W, 69
2026/04/02 09:12:05.897, 34 %, 22 %, 743 MiB, 44748 MiB, 46068 MiB, 144.45 W, 69
2026/04/02 09:12:06.897, 31 %, 20 %, 743 MiB, 44748 MiB, 46068 MiB, 143.63 W, 69
2026/04/02 09:12:07.898, 41 %, 30 %, 743 MiB, 44748 MiB, 46068 MiB, 149.41 W, 69
2026/04/02 09:12:08.898, 35 %, 23 %, 743 MiB, 44748 MiB, 46068 MiB, 146.08 W, 69
2026/04/02 09:12:09.899, 31 %, 20 %, 743 MiB, 44748 MiB, 46068 MiB, 138.64 W, 69
2026/04/02 09:12:10.899, 38 %, 25 %, 743 MiB, 44748 MiB, 46068 MiB, 142.03 W, 70
2026/04/02 09:12:11.900, 35 %, 23 %, 743 MiB, 44748 MiB, 46068 MiB, 143.77 W, 70
2026/04/02 09:12:12.900, 35 %, 26 %, 743 MiB, 44748 MiB, 46068 MiB, 149.43 W, 70
2026/04/02 09:12:13.901, 39 %, 27 %, 743 MiB, 44748 MiB, 46068 MiB, 141.38 W, 70
2026/04/02 09:12:14.901, 35 %, 23 %, 743 MiB, 44748 MiB, 46068 MiB, 147.82 W, 70
2026/04/02 09:12:15.902, 36 %, 26 %, 743 MiB, 44748 MiB, 46068 MiB, 150.72 W, 70
2026/04/02 09:12:16.902, 38 %, 26 %, 743 MiB, 44748 MiB, 46068 MiB, 143.59 W, 70
2026/04/02 09:12:17.903, 34 %, 22 %, 743 MiB, 44748 MiB, 46068 MiB, 148.14 W, 70
2026/04/02 09:12:18.903, 38 %, 27 %, 743 MiB, 44748 MiB, 46068 MiB, 149.14 W, 70
2026/04/02 09:12:19.904, 36 %, 24 %, 743 MiB, 44748 MiB, 46068 MiB, 147.54 W, 70
2026/04/02 09:12:20.904, 35 %, 25 %, 743 MiB, 44748 MiB, 46068 MiB, 142.65 W, 69
2026/04/02 09:12:21.905, 38 %, 26 %, 743 MiB, 44748 MiB, 46068 MiB, 147.82 W, 69
2026/04/02 09:12:22.905, 35 %, 23 %, 743 MiB, 44748 MiB, 46068 MiB, 149.54 W, 69
2026/04/02 09:12:23.906, 34 %, 23 %, 743 MiB, 44748 MiB, 46068 MiB, 141.38 W, 68
2026/04/02 09:12:24.906, 41 %, 30 %, 743 MiB, 44748 MiB, 46068 MiB, 148.84 W, 68
2026/04/02 09:12:25.906, 36 %, 25 %, 743 MiB, 44748 MiB, 46068 MiB, 147.76 W, 68
2026/04/02 09:12:26.907, 35 %, 23 %, 743 MiB, 44748 MiB, 46068 MiB, 141.45 W, 68
2026/04/02 09:12:27.907, 39 %, 27 %, 743 MiB, 44748 MiB, 46068 MiB, 144.51 W, 67
2026/04/02 09:12:28.908, 36 %, 25 %, 743 MiB, 44748 MiB, 46068 MiB, 142.96 W, 67
2026/04/02 09:12:29.908, 33 %, 22 %, 743 MiB, 44748 MiB, 46068 MiB, 135.78 W, 67
2026/04/02 09:12:30.908, 33 %, 21 %, 743 MiB, 44748 MiB, 46068 MiB, 139.53 W, 66
2026/04/02 09:12:31.909, 38 %, 27 %, 743 MiB, 44748 MiB, 46068 MiB, 140.64 W, 66
2026/04/02 09:12:32.909, 35 %, 23 %, 743 MiB, 44748 MiB, 46068 MiB, 139.70 W, 66
2026/04/02 09:12:33.910, 36 %, 25 %, 743 MiB, 44748 MiB, 46068 MiB, 138.84 W, 66
2026/04/02 09:12:34.910, 35 %, 26 %, 743 MiB, 44748 MiB, 46068 MiB, 140.54 W, 65
2026/04/02 09:12:35.911, 32 %, 21 %, 743 MiB, 44748 MiB, 46068 MiB, 134.03 W, 65
2026/04/02 09:12:36.911, 38 %, 27 %, 743 MiB, 44748 MiB, 46068 MiB, 142.42 W, 65
2026/04/02 09:12:37.912, 37 %, 28 %, 743 MiB, 44748 MiB, 46068 MiB, 142.08 W, 65
2026/04/02 09:12:38.912, 37 %, 28 %, 743 MiB, 44748 MiB, 46068 MiB, 136.25 W, 65
2026/04/02 09:12:39.913, 34 %, 23 %, 743 MiB, 44748 MiB, 46068 MiB, 139.98 W, 64
2026/04/02 09:12:40.913, 34 %, 23 %, 743 MiB, 44748 MiB, 46068 MiB, 140.11 W, 65
2026/04/02 09:12:41.913, 35 %, 24 %, 743 MiB, 44748 MiB, 46068 MiB, 139.78 W, 64
2026/04/02 09:12:42.914, 35 %, 25 %, 743 MiB, 44748 MiB, 46068 MiB, 136.79 W, 64
2026/04/02 09:12:43.914, 35 %, 24 %, 743 MiB, 44748 MiB, 46068 MiB, 141.10 W, 64
2026/04/02 09:12:44.915, 36 %, 26 %, 743 MiB, 44748 MiB, 46068 MiB, 140.12 W, 64
2026/04/02 09:12:45.915, 36 %, 24 %, 743 MiB, 44748 MiB, 46068 MiB, 136.74 W, 64
2026/04/02 09:12:46.915, 35 %, 26 %, 743 MiB, 44748 MiB, 46068 MiB, 137.11 W, 64
2026/04/02 09:12:47.916, 35 %, 26 %, 743 MiB, 44748 MiB, 46068 MiB, 139.72 W, 63
2026/04/02 09:12:48.917, 37 %, 26 %, 743 MiB, 44748 MiB, 46068 MiB, 139.22 W, 63
2026/04/02 09:12:49.917, 35 %, 24 %, 743 MiB, 44748 MiB, 46068 MiB, 138.20 W, 63
2026/04/02 09:12:50.917, 38 %, 26 %, 743 MiB, 44748 MiB, 46068 MiB, 141.20 W, 63
2026/04/02 09:12:51.918, 37 %, 24 %, 743 MiB, 44748 MiB, 46068 MiB, 133.87 W, 63
2026/04/02 09:12:52.918, 36 %, 25 %, 743 MiB, 44748 MiB, 46068 MiB, 134.46 W, 63
2026/04/02 09:12:53.919, 37 %, 27 %, 743 MiB, 44748 MiB, 46068 MiB, 137.36 W, 63
2026/04/02 09:12:54.919, 35 %, 25 %, 743 MiB, 44748 MiB, 46068 MiB, 136.48 W, 63
2026/04/02 09:12:55.920, 34 %, 24 %, 743 MiB, 44748 MiB, 46068 MiB, 134.30 W, 63
2026/04/02 09:12:56.920, 35 %, 25 %, 743 MiB, 44748 MiB, 46068 MiB, 135.90 W, 62
2026/04/02 09:12:57.921, 34 %, 22 %, 743 MiB, 44748 MiB, 46068 MiB, 134.95 W, 62
2026/04/02 09:12:58.921, 33 %, 21 %, 743 MiB, 44748 MiB, 46068 MiB, 134.32 W, 62
2026/04/02 09:12:59.922, 35 %, 23 %, 743 MiB, 44748 MiB, 46068 MiB, 134.22 W, 62
2026/04/02 09:13:00.922, 34 %, 24 %, 743 MiB, 44748 MiB, 46068 MiB, 136.01 W, 62
2026/04/02 09:13:01.923, 40 %, 28 %, 743 MiB, 44748 MiB, 46068 MiB, 138.69 W, 62
2026/04/02 09:13:02.923, 42 %, 30 %, 743 MiB, 44748 MiB, 46068 MiB, 142.57 W, 62
2026/04/02 09:13:03.923, 35 %, 26 %, 743 MiB, 44748 MiB, 46068 MiB, 138.35 W, 62
2026/04/02 09:13:04.924, 34 %, 23 %, 743 MiB, 44748 MiB, 46068 MiB, 132.88 W, 62
2026/04/02 09:13:05.924, 34 %, 22 %, 743 MiB, 44748 MiB, 46068 MiB, 134.55 W, 62
2026/04/02 09:13:06.925, 35 %, 25 %, 743 MiB, 44748 MiB, 46068 MiB, 135.19 W, 62
2026/04/02 09:13:07.925, 35 %, 23 %, 743 MiB, 44748 MiB, 46068 MiB, 138.56 W, 61
2026/04/02 09:13:08.926, 36 %, 26 %, 743 MiB, 44748 MiB, 46068 MiB, 136.78 W, 61
2026/04/02 09:13:09.926, 35 %, 24 %, 743 MiB, 44748 MiB, 46068 MiB, 134.08 W, 61
2026/04/02 09:13:10.927, 40 %, 28 %, 743 MiB, 44748 MiB, 46068 MiB, 138.32 W, 61
2026/04/02 09:13:11.927, 37 %, 26 %, 743 MiB, 44748 MiB, 46068 MiB, 139.85 W, 61
2026/04/02 09:13:12.927, 35 %, 23 %, 743 MiB, 44748 MiB, 46068 MiB, 138.43 W, 61
2026/04/02 09:13:13.928, 35 %, 24 %, 743 MiB, 44748 MiB, 46068 MiB, 133.10 W, 61
2026/04/02 09:13:14.929, 34 %, 23 %, 743 MiB, 44748 MiB, 46068 MiB, 134.69 W, 61
2026/04/02 09:13:15.929, 35 %, 25 %, 743 MiB, 44748 MiB, 46068 MiB, 136.95 W, 61
2026/04/02 09:13:16.929, 36 %, 24 %, 743 MiB, 44748 MiB, 46068 MiB, 134.80 W, 61
2026/04/02 09:13:17.930, 32 %, 21 %, 743 MiB, 44748 MiB, 46068 MiB, 132.87 W, 60
2026/04/02 09:13:18.930, 33 %, 23 %, 743 MiB, 44748 MiB, 46068 MiB, 135.26 W, 60
2026/04/02 09:13:19.931, 35 %, 25 %, 743 MiB, 44748 MiB, 46068 MiB, 133.84 W, 60
2026/04/02 09:13:20.931, 36 %, 26 %, 743 MiB, 44748 MiB, 46068 MiB, 136.01 W, 60
2026/04/02 09:13:21.932, 35 %, 26 %, 743 MiB, 44748 MiB, 46068 MiB, 135.48 W, 60
2026/04/02 09:13:22.932, 34 %, 22 %, 743 MiB, 44748 MiB, 46068 MiB, 132.54 W, 60
2026/04/02 09:13:23.933, 34 %, 23 %, 743 MiB, 44748 MiB, 46068 MiB, 133.38 W, 60
2026/04/02 09:13:24.933, 35 %, 23 %, 743 MiB, 44748 MiB, 46068 MiB, 132.28 W, 60
2026/04/02 09:13:25.934, 35 %, 24 %, 743 MiB, 44748 MiB, 46068 MiB, 138.67 W, 60
2026/04/02 09:13:26.934, 38 %, 28 %, 743 MiB, 44748 MiB, 46068 MiB, 131.65 W, 60
2026/04/02 09:13:27.935, 36 %, 24 %, 743 MiB, 44748 MiB, 46068 MiB, 130.81 W, 60
2026/04/02 09:13:28.935, 36 %, 25 %, 743 MiB, 44748 MiB, 46068 MiB, 134.71 W, 60
2026/04/02 09:13:29.935, 37 %, 27 %, 743 MiB, 44748 MiB, 46068 MiB, 130.35 W, 60
2026/04/02 09:13:30.936, 36 %, 24 %, 743 MiB, 44748 MiB, 46068 MiB, 131.71 W, 60
2026/04/02 09:13:31.936, 35 %, 23 %, 743 MiB, 44748 MiB, 46068 MiB, 133.26 W, 60
2026/04/02 09:13:32.937, 35 %, 23 %, 743 MiB, 44748 MiB, 46068 MiB, 134.15 W, 59
2026/04/02 09:13:33.937, 34 %, 24 %, 743 MiB, 44748 MiB, 46068 MiB, 132.57 W, 59
2026/04/02 09:13:34.938, 38 %, 28 %, 743 MiB, 44748 MiB, 46068 MiB, 129.95 W, 59
2026/04/02 09:13:35.938, 33 %, 21 %, 743 MiB, 44748 MiB, 46068 MiB, 140.33 W, 59
2026/04/02 09:13:36.939, 37 %, 25 %, 743 MiB, 44748 MiB, 46068 MiB, 137.56 W, 59
2026/04/02 09:13:37.939, 39 %, 29 %, 743 MiB, 44748 MiB, 46068 MiB, 133.48 W, 59
2026/04/02 09:13:38.940, 36 %, 24 %, 743 MiB, 44748 MiB, 46068 MiB, 135.24 W, 59
2026/04/02 09:13:39.940, 37 %, 25 %, 743 MiB, 44748 MiB, 46068 MiB, 137.07 W, 59
2026/04/02 09:13:40.940, 35 %, 25 %, 743 MiB, 44748 MiB, 46068 MiB, 132.63 W, 59
2026/04/02 09:13:41.941, 34 %, 23 %, 743 MiB, 44748 MiB, 46068 MiB, 131.68 W, 59
2026/04/02 09:13:42.941, 37 %, 27 %, 743 MiB, 44748 MiB, 46068 MiB, 134.71 W, 59
2026/04/02 09:13:43.942, 33 %, 23 %, 743 MiB, 44748 MiB, 46068 MiB, 130.80 W, 58
2026/04/02 09:13:44.942, 34 %, 23 %, 743 MiB, 44748 MiB, 46068 MiB, 130.74 W, 58
2026/04/02 09:13:45.943, 35 %, 24 %, 743 MiB, 44748 MiB, 46068 MiB, 129.53 W, 58
2026/04/02 09:13:46.943, 36 %, 26 %, 743 MiB, 44748 MiB, 46068 MiB, 132.28 W, 58
2026/04/02 09:13:47.944, 34 %, 23 %, 743 MiB, 44748 MiB, 46068 MiB, 128.28 W, 58
2026/04/02 09:13:48.944, 33 %, 22 %, 743 MiB, 44748 MiB, 46068 MiB, 132.06 W, 58
2026/04/02 09:13:49.945, 36 %, 25 %, 743 MiB, 44748 MiB, 46068 MiB, 130.98 W, 58
2026/04/02 09:13:50.945, 39 %, 27 %, 743 MiB, 44748 MiB, 46068 MiB, 132.07 W, 58
2026/04/02 09:13:51.945, 36 %, 25 %, 743 MiB, 44748 MiB, 46068 MiB, 133.78 W, 58
2026/04/02 09:13:52.946, 36 %, 26 %, 743 MiB, 44748 MiB, 46068 MiB, 131.56 W, 58
2026/04/02 09:13:53.946, 39 %, 27 %, 743 MiB, 44748 MiB, 46068 MiB, 131.33 W, 58
2026/04/02 09:13:54.947, 34 %, 23 %, 743 MiB, 44748 MiB, 46068 MiB, 130.40 W, 58
2026/04/02 09:13:55.947, 33 %, 22 %, 743 MiB, 44748 MiB, 46068 MiB, 128.92 W, 58
2026/04/02 09:13:56.947, 33 %, 17 %, 743 MiB, 44748 MiB, 46068 MiB, 123.09 W, 57
2026/04/02 09:13:57.948, 32 %, 16 %, 743 MiB, 44748 MiB, 46068 MiB, 121.31 W, 57
2026/04/02 09:13:58.948, 31 %, 14 %, 743 MiB, 44748 MiB, 46068 MiB, 116.98 W, 57
2026/04/02 09:13:59.948, 34 %, 17 %, 743 MiB, 44748 MiB, 46068 MiB, 121.04 W, 57
2026/04/02 09:14:00.948, 34 %, 23 %, 743 MiB, 44748 MiB, 46068 MiB, 126.67 W, 57
2026/04/02 09:14:01.949, 33 %, 24 %, 743 MiB, 44748 MiB, 46068 MiB, 131.18 W, 57
2026/04/02 09:14:02.949, 34 %, 23 %, 743 MiB, 44748 MiB, 46068 MiB, 129.85 W, 57
2026/04/02 09:14:03.949, 35 %, 24 %, 743 MiB, 44748 MiB, 46068 MiB, 131.79 W, 57
2026/04/02 09:14:04.950, 38 %, 27 %, 743 MiB, 44748 MiB, 46068 MiB, 134.75 W, 57
2026/04/02 09:14:05.950, 40 %, 28 %, 743 MiB, 44748 MiB, 46068 MiB, 132.46 W, 57
2026/04/02 09:14:06.950, 36 %, 25 %, 743 MiB, 44748 MiB, 46068 MiB, 130.16 W, 57
2026/04/02 09:14:07.951, 39 %, 26 %, 743 MiB, 44748 MiB, 46068 MiB, 135.43 W, 57
2026/04/02 09:14:08.951, 36 %, 25 %, 743 MiB, 44748 MiB, 46068 MiB, 136.13 W, 57
2026/04/02 09:14:09.951, 36 %, 25 %, 743 MiB, 44748 MiB, 46068 MiB, 130.06 W, 57
2026/04/02 09:14:10.952, 36 %, 25 %, 743 MiB, 44748 MiB, 46068 MiB, 133.07 W, 57
2026/04/02 09:14:11.952, 35 %, 25 %, 743 MiB, 44748 MiB, 46068 MiB, 130.14 W, 57
2026/04/02 09:14:12.952, 34 %, 23 %, 743 MiB, 44748 MiB, 46068 MiB, 128.46 W, 57
2026/04/02 09:14:13.953, 39 %, 26 %, 743 MiB, 44748 MiB, 46068 MiB, 133.26 W, 57
2026/04/02 09:14:14.953, 37 %, 26 %, 743 MiB, 44748 MiB, 46068 MiB, 132.32 W, 57
2026/04/02 09:14:15.953, 38 %, 26 %, 743 MiB, 44748 MiB, 46068 MiB, 132.74 W, 57
2026/04/02 09:14:16.953, 38 %, 26 %, 743 MiB, 44748 MiB, 46068 MiB, 131.44 W, 57
2026/04/02 09:14:17.954, 34 %, 22 %, 743 MiB, 44748 MiB, 46068 MiB, 131.89 W, 56
2026/04/02 09:14:18.954, 34 %, 23 %, 743 MiB, 44748 MiB, 46068 MiB, 129.10 W, 57
2026/04/02 09:14:19.954, 34 %, 23 %, 743 MiB, 44748 MiB, 46068 MiB, 126.91 W, 56
2026/04/02 09:14:20.955, 37 %, 27 %, 743 MiB, 44748 MiB, 46068 MiB, 133.36 W, 56
2026/04/02 09:14:21.955, 34 %, 24 %, 743 MiB, 44748 MiB, 46068 MiB, 132.67 W, 56
2026/04/02 09:14:22.956, 38 %, 27 %, 743 MiB, 44748 MiB, 46068 MiB, 128.36 W, 56
2026/04/02 09:14:23.956, 34 %, 24 %, 743 MiB, 44748 MiB, 46068 MiB, 133.31 W, 56
2026/04/02 09:14:24.956, 38 %, 26 %, 743 MiB, 44748 MiB, 46068 MiB, 132.96 W, 56
2026/04/02 09:14:25.957, 38 %, 26 %, 743 MiB, 44748 MiB, 46068 MiB, 132.31 W, 56
2026/04/02 09:14:26.957, 36 %, 25 %, 743 MiB, 44748 MiB, 46068 MiB, 130.81 W, 56
2026/04/02 09:14:27.958, 36 %, 25 %, 743 MiB, 44748 MiB, 46068 MiB, 130.69 W, 56
2026/04/02 09:14:28.958, 34 %, 24 %, 743 MiB, 44748 MiB, 46068 MiB, 129.67 W, 56
2026/04/02 09:14:29.958, 34 %, 24 %, 743 MiB, 44748 MiB, 46068 MiB, 130.69 W, 56
2026/04/02 09:14:30.958, 34 %, 23 %, 743 MiB, 44748 MiB, 46068 MiB, 127.45 W, 56
2026/04/02 09:14:31.959, 34 %, 23 %, 743 MiB, 44748 MiB, 46068 MiB, 127.33 W, 56
2026/04/02 09:14:32.959, 38 %, 26 %, 743 MiB, 44748 MiB, 46068 MiB, 130.07 W, 56
2026/04/02 09:14:33.960, 34 %, 23 %, 743 MiB, 44748 MiB, 46068 MiB, 132.90 W, 56
2026/04/02 09:14:34.960, 36 %, 25 %, 743 MiB, 44748 MiB, 46068 MiB, 128.20 W, 56
2026/04/02 09:14:35.961, 37 %, 26 %, 743 MiB, 44748 MiB, 46068 MiB, 130.36 W, 56
2026/04/02 09:14:36.961, 34 %, 24 %, 743 MiB, 44748 MiB, 46068 MiB, 131.14 W, 56
2026/04/02 09:14:37.962, 37 %, 27 %, 743 MiB, 44748 MiB, 46068 MiB, 130.98 W, 56
2026/04/02 09:14:38.962, 36 %, 25 %, 743 MiB, 44748 MiB, 46068 MiB, 128.82 W, 56
2026/04/02 09:14:39.962, 34 %, 23 %, 743 MiB, 44748 MiB, 46068 MiB, 132.97 W, 56
2026/04/02 09:14:40.963, 37 %, 27 %, 743 MiB, 44748 MiB, 46068 MiB, 130.26 W, 55
2026/04/02 09:14:41.963, 36 %, 27 %, 743 MiB, 44748 MiB, 46068 MiB, 130.12 W, 55
2026/04/02 09:14:42.963, 35 %, 24 %, 743 MiB, 44748 MiB, 46068 MiB, 129.21 W, 55
2026/04/02 09:14:43.964, 34 %, 23 %, 743 MiB, 44748 MiB, 46068 MiB, 130.89 W, 55
2026/04/02 09:14:44.964, 36 %, 26 %, 743 MiB, 44748 MiB, 46068 MiB, 129.86 W, 55
2026/04/02 09:14:45.964, 35 %, 24 %, 743 MiB, 44748 MiB, 46068 MiB, 128.73 W, 55
2026/04/02 09:14:46.965, 35 %, 24 %, 743 MiB, 44748 MiB, 46068 MiB, 131.82 W, 55
2026/04/02 09:14:47.965, 35 %, 24 %, 743 MiB, 44748 MiB, 46068 MiB, 127.74 W, 55
2026/04/02 09:14:48.965, 37 %, 27 %, 743 MiB, 44748 MiB, 46068 MiB, 131.59 W, 55
2026/04/02 09:14:49.966, 36 %, 25 %, 743 MiB, 44748 MiB, 46068 MiB, 129.23 W, 55
2026/04/02 09:14:50.966, 36 %, 24 %, 743 MiB, 44748 MiB, 46068 MiB, 128.25 W, 55
2026/04/02 09:14:51.967, 37 %, 27 %, 743 MiB, 44748 MiB, 46068 MiB, 130.33 W, 55
2026/04/02 09:14:52.967, 33 %, 22 %, 743 MiB, 44748 MiB, 46068 MiB, 130.95 W, 55
2026/04/02 09:14:53.967, 35 %, 24 %, 743 MiB, 44748 MiB, 46068 MiB, 127.91 W, 55
2026/04/02 09:14:54.968, 34 %, 24 %, 743 MiB, 44748 MiB, 46068 MiB, 127.80 W, 55
2026/04/02 09:14:55.968, 37 %, 27 %, 743 MiB, 44748 MiB, 46068 MiB, 127.44 W, 55
2026/04/02 09:14:56.968, 35 %, 24 %, 743 MiB, 44748 MiB, 46068 MiB, 129.71 W, 55
2026/04/02 09:14:57.969, 35 %, 24 %, 743 MiB, 44748 MiB, 46068 MiB, 128.10 W, 55
2026/04/02 09:14:58.969, 35 %, 24 %, 743 MiB, 44748 MiB, 46068 MiB, 130.06 W, 55
2026/04/02 09:14:59.970, 36 %, 25 %, 743 MiB, 44748 MiB, 46068 MiB, 130.24 W, 55
2026/04/02 09:15:00.970, 34 %, 23 %, 743 MiB, 44748 MiB, 46068 MiB, 128.38 W, 55
2026/04/02 09:15:01.970, 34 %, 23 %, 743 MiB, 44748 MiB, 46068 MiB, 126.79 W, 55
2026/04/02 09:15:02.971, 36 %, 27 %, 743 MiB, 44748 MiB, 46068 MiB, 130.21 W, 55
2026/04/02 09:15:03.971, 34 %, 24 %, 743 MiB, 44748 MiB, 46068 MiB, 132.46 W, 55
2026/04/02 09:15:04.972, 37 %, 27 %, 743 MiB, 44748 MiB, 46068 MiB, 128.99 W, 55
2026/04/02 09:15:05.972, 35 %, 24 %, 743 MiB, 44748 MiB, 46068 MiB, 126.91 W, 55
2026/04/02 09:15:06.973, 35 %, 24 %, 743 MiB, 44748 MiB, 46068 MiB, 127.09 W, 55
2026/04/02 09:15:07.973, 34 %, 23 %, 743 MiB, 44748 MiB, 46068 MiB, 128.41 W, 55
2026/04/02 09:15:08.973, 36 %, 26 %, 743 MiB, 44748 MiB, 46068 MiB, 128.49 W, 55
2026/04/02 09:15:09.974, 34 %, 23 %, 743 MiB, 44748 MiB, 46068 MiB, 128.63 W, 55
2026/04/02 09:15:10.974, 35 %, 24 %, 743 MiB, 44748 MiB, 46068 MiB, 128.98 W, 55
2026/04/02 09:15:11.974, 36 %, 25 %, 743 MiB, 44748 MiB, 46068 MiB, 125.25 W, 55
2026/04/02 09:15:12.975, 35 %, 24 %, 743 MiB, 44748 MiB, 46068 MiB, 126.67 W, 54
2026/04/02 09:15:13.975, 35 %, 24 %, 743 MiB, 44748 MiB, 46068 MiB, 125.39 W, 55
2026/04/02 09:15:14.975, 37 %, 26 %, 743 MiB, 44748 MiB, 46068 MiB, 128.95 W, 55
2026/04/02 09:15:15.976, 34 %, 22 %, 743 MiB, 44748 MiB, 46068 MiB, 127.96 W, 54
2026/04/02 09:15:16.976, 35 %, 24 %, 743 MiB, 44748 MiB, 46068 MiB, 126.10 W, 54
2026/04/02 09:15:17.976, 37 %, 27 %, 743 MiB, 44748 MiB, 46068 MiB, 128.70 W, 55
2026/04/02 09:15:18.977, 35 %, 24 %, 743 MiB, 44748 MiB, 46068 MiB, 126.56 W, 54
2026/04/02 09:15:19.977, 33 %, 22 %, 743 MiB, 44748 MiB, 46068 MiB, 128.35 W, 54
2026/04/02 09:15:20.977, 35 %, 25 %, 743 MiB, 44748 MiB, 46068 MiB, 127.04 W, 54
2026/04/02 09:15:21.978, 34 %, 23 %, 743 MiB, 44748 MiB, 46068 MiB, 129.50 W, 54
2026/04/02 09:15:22.978, 34 %, 23 %, 743 MiB, 44748 MiB, 46068 MiB, 131.87 W, 54
2026/04/02 09:15:23.978, 35 %, 23 %, 743 MiB, 44748 MiB, 46068 MiB, 123.77 W, 54
2026/04/02 09:15:24.979, 34 %, 23 %, 743 MiB, 44748 MiB, 46068 MiB, 129.37 W, 54
2026/04/02 09:15:25.979, 37 %, 27 %, 743 MiB, 44748 MiB, 46068 MiB, 126.84 W, 54
2026/04/02 09:15:26.980, 35 %, 24 %, 743 MiB, 44748 MiB, 46068 MiB, 127.38 W, 54
2026/04/02 09:15:27.980, 34 %, 24 %, 743 MiB, 44748 MiB, 46068 MiB, 128.03 W, 54
2026/04/02 09:15:28.980, 34 %, 24 %, 743 MiB, 44748 MiB, 46068 MiB, 130.49 W, 54
2026/04/02 09:15:29.981, 36 %, 25 %, 743 MiB, 44748 MiB, 46068 MiB, 126.50 W, 54
2026/04/02 09:15:30.981, 36 %, 24 %, 743 MiB, 44748 MiB, 46068 MiB, 127.80 W, 54
2026/04/02 09:15:31.981, 36 %, 24 %, 743 MiB, 44748 MiB, 46068 MiB, 126.88 W, 54
2026/04/02 09:15:32.982, 38 %, 27 %, 743 MiB, 44748 MiB, 46068 MiB, 130.18 W, 54
2026/04/02 09:15:33.982, 35 %, 24 %, 743 MiB, 44748 MiB, 46068 MiB, 127.09 W, 54
2026/04/02 09:15:34.982, 34 %, 24 %, 743 MiB, 44748 MiB, 46068 MiB, 125.11 W, 54
2026/04/02 09:15:35.983, 37 %, 27 %, 743 MiB, 44748 MiB, 46068 MiB, 128.65 W, 54
2026/04/02 09:15:36.983, 35 %, 24 %, 743 MiB, 44748 MiB, 46068 MiB, 126.31 W, 54
2026/04/02 09:15:37.984, 36 %, 25 %, 743 MiB, 44748 MiB, 46068 MiB, 127.08 W, 54
2026/04/02 09:15:38.984, 33 %, 23 %, 743 MiB, 44748 MiB, 46068 MiB, 127.32 W, 54
2026/04/02 09:15:39.984, 36 %, 26 %, 743 MiB, 44748 MiB, 46068 MiB, 128.15 W, 54
2026/04/02 09:15:40.985, 34 %, 23 %, 743 MiB, 44748 MiB, 46068 MiB, 130.40 W, 54
2026/04/02 09:15:41.985, 34 %, 24 %, 743 MiB, 44748 MiB, 46068 MiB, 127.43 W, 54
2026/04/02 09:15:42.985, 37 %, 27 %, 743 MiB, 44748 MiB, 46068 MiB, 127.53 W, 54
2026/04/02 09:15:43.986, 34 %, 23 %, 743 MiB, 44748 MiB, 46068 MiB, 130.38 W, 54
2026/04/02 09:15:44.986, 35 %, 24 %, 743 MiB, 44748 MiB, 46068 MiB, 126.39 W, 54
2026/04/02 09:15:45.986, 35 %, 24 %, 743 MiB, 44748 MiB, 46068 MiB, 127.37 W, 54
2026/04/02 09:15:46.987, 37 %, 26 %, 743 MiB, 44748 MiB, 46068 MiB, 128.23 W, 54
2026/04/02 09:15:47.987, 36 %, 25 %, 743 MiB, 44748 MiB, 46068 MiB, 131.05 W, 54
2026/04/02 09:15:48.988, 37 %, 27 %, 743 MiB, 44748 MiB, 46068 MiB, 127.48 W, 54
2026/04/02 09:15:49.988, 34 %, 23 %, 743 MiB, 44748 MiB, 46068 MiB, 128.10 W, 54
2026/04/02 09:15:50.988, 35 %, 24 %, 743 MiB, 44748 MiB, 46068 MiB, 127.60 W, 54
2026/04/02 09:15:51.989, 35 %, 24 %, 743 MiB, 44748 MiB, 46068 MiB, 126.92 W, 54
2026/04/02 09:15:52.989, 36 %, 25 %, 743 MiB, 44748 MiB, 46068 MiB, 124.33 W, 54
2026/04/02 09:15:53.989, 32 %, 22 %, 743 MiB, 44748 MiB, 46068 MiB, 124.86 W, 53
2026/04/02 09:15:54.990, 34 %, 23 %, 743 MiB, 44748 MiB, 46068 MiB, 122.33 W, 54
2026/04/02 09:15:55.990, 34 %, 23 %, 743 MiB, 44748 MiB, 46068 MiB, 127.82 W, 54
2026/04/02 09:15:56.990, 37 %, 26 %, 743 MiB, 44748 MiB, 46068 MiB, 125.00 W, 53
2026/04/02 09:15:57.991, 36 %, 26 %, 743 MiB, 44748 MiB, 46068 MiB, 120.85 W, 54
2026/04/02 09:15:58.991, 34 %, 23 %, 743 MiB, 44748 MiB, 46068 MiB, 122.65 W, 53
2026/04/02 09:15:59.991, 36 %, 26 %, 743 MiB, 44748 MiB, 46068 MiB, 120.77 W, 53
2026/04/02 09:16:00.992, 35 %, 24 %, 743 MiB, 44748 MiB, 46068 MiB, 123.00 W, 53
2026/04/02 09:16:01.992, 35 %, 25 %, 743 MiB, 44748 MiB, 46068 MiB, 127.92 W, 53
2026/04/02 09:16:02.992, 30 %, 21 %, 743 MiB, 44748 MiB, 46068 MiB, 131.39 W, 53
2026/04/02 09:16:03.993, 36 %, 25 %, 743 MiB, 44748 MiB, 46068 MiB, 130.33 W, 53
2026/04/02 09:16:04.993, 35 %, 24 %, 743 MiB, 44748 MiB, 46068 MiB, 128.63 W, 53
2026/04/02 09:16:05.994, 34 %, 23 %, 743 MiB, 44748 MiB, 46068 MiB, 127.25 W, 53
2026/04/02 09:16:06.994, 36 %, 25 %, 743 MiB, 44748 MiB, 46068 MiB, 131.19 W, 53
2026/04/02 09:16:07.994, 37 %, 27 %, 743 MiB, 44748 MiB, 46068 MiB, 128.12 W, 53
2026/04/02 09:16:08.995, 33 %, 22 %, 743 MiB, 44748 MiB, 46068 MiB, 130.28 W, 53
2026/04/02 09:16:09.995, 34 %, 23 %, 743 MiB, 44748 MiB, 46068 MiB, 124.86 W, 53
2026/04/02 09:16:10.995, 35 %, 24 %, 743 MiB, 44748 MiB, 46068 MiB, 126.33 W, 53
2026/04/02 09:16:11.996, 34 %, 23 %, 743 MiB, 44748 MiB, 46068 MiB, 126.30 W, 53
2026/04/02 09:16:12.996, 31 %, 22 %, 743 MiB, 44748 MiB, 46068 MiB, 125.07 W, 53
2026/04/02 09:16:13.996, 36 %, 27 %, 743 MiB, 44748 MiB, 46068 MiB, 125.45 W, 53
2026/04/02 09:16:14.997, 31 %, 21 %, 743 MiB, 44748 MiB, 46068 MiB, 130.52 W, 53
2026/04/02 09:16:15.997, 36 %, 26 %, 743 MiB, 44748 MiB, 46068 MiB, 125.87 W, 53
2026/04/02 09:16:16.997, 34 %, 23 %, 743 MiB, 44748 MiB, 46068 MiB, 126.19 W, 53
2026/04/02 09:16:17.998, 35 %, 24 %, 743 MiB, 44748 MiB, 46068 MiB, 127.20 W, 53
2026/04/02 09:16:18.998, 34 %, 23 %, 743 MiB, 44748 MiB, 46068 MiB, 125.93 W, 53
2026/04/02 09:16:19.998, 35 %, 25 %, 743 MiB, 44748 MiB, 46068 MiB, 126.41 W, 53
2026/04/02 09:16:20.999, 33 %, 22 %, 743 MiB, 44748 MiB, 46068 MiB, 123.60 W, 53
2026/04/02 09:16:21.999, 36 %, 26 %, 743 MiB, 44748 MiB, 46068 MiB, 125.27 W, 53
2026/04/02 09:16:23.000, 31 %, 20 %, 743 MiB, 44748 MiB, 46068 MiB, 124.10 W, 53
2026/04/02 09:16:24.000, 33 %, 22 %, 743 MiB, 44748 MiB, 46068 MiB, 121.76 W, 53
2026/04/02 09:16:25.001, 36 %, 26 %, 743 MiB, 44748 MiB, 46068 MiB, 125.04 W, 53
2026/04/02 09:16:26.001, 31 %, 22 %, 743 MiB, 44748 MiB, 46068 MiB, 121.98 W, 53
2026/04/02 09:16:27.001, 38 %, 28 %, 743 MiB, 44748 MiB, 46068 MiB, 122.74 W, 53
2026/04/02 09:16:28.002, 33 %, 16 %, 743 MiB, 44748 MiB, 46068 MiB, 121.74 W, 53
2026/04/02 09:16:29.002, 33 %, 16 %, 743 MiB, 44748 MiB, 46068 MiB, 118.89 W, 52
2026/04/02 09:16:30.003, 34 %, 17 %, 743 MiB, 44748 MiB, 46068 MiB, 114.53 W, 52
2026/04/02 09:16:31.003, 35 %, 18 %, 743 MiB, 44748 MiB, 46068 MiB, 115.44 W, 52
2026/04/02 09:16:32.003, 2 %, 0 %, 743 MiB, 44748 MiB, 46068 MiB, 112.24 W, 51
2026/04/02 09:16:33.004, 0 %, 0 %, 743 MiB, 44748 MiB, 46068 MiB, 83.37 W, 50
2026/04/02 09:16:34.004, 0 %, 0 %, 0 MiB, 45490 MiB, 46068 MiB, 82.54 W, 50
2026/04/02 09:16:35.004, 0 %, 0 %, 0 MiB, 45490 MiB, 46068 MiB, 83.28 W, 50
2026/04/02 09:16:36.005, 0 %, 0 %, 0 MiB, 45490 MiB, 46068 MiB, 63.67 W, 48
2026/04/02 09:16:37.005, 0 %, 0 %, 0 MiB, 45490 MiB, 46068 MiB, 61.44 W, 48
2026/04/02 09:16:38.006, 0 %, 0 %, 0 MiB, 45490 MiB, 46068 MiB, 60.99 W, 47
2026/04/02 09:16:39.006, 0 %, 0 %, 0 MiB, 45490 MiB, 46068 MiB, 60.76 W, 47
2026/04/02 09:16:40.007, 0 %, 0 %, 0 MiB, 45490 MiB, 46068 MiB, 60.65 W, 47
2026/04/02 09:16:41.007, 0 %, 0 %, 0 MiB, 45490 MiB, 46068 MiB, 60.56 W, 47
2026/04/02 09:16:42.008, 0 %, 0 %, 0 MiB, 45490 MiB, 46068 MiB, 60.49 W, 46
2026/04/02 09:16:43.008, 0 %, 0 %, 0 MiB, 45490 MiB, 46068 MiB, 60.43 W, 46
2026/04/02 09:16:44.008, 0 %, 0 %, 0 MiB, 45490 MiB, 46068 MiB, 60.38 W, 46
2026/04/02 09:16:45.009, 0 %, 0 %, 0 MiB, 45490 MiB, 46068 MiB, 23.72 W, 46
2026/04/02 09:16:46.009, 0 %, 0 %, 0 MiB, 45490 MiB, 46068 MiB, 23.76 W, 45
2026/04/02 09:16:47.010, 0 %, 0 %, 0 MiB, 45490 MiB, 46068 MiB, 23.58 W, 44
2026/04/02 09:16:48.010, 0 %, 0 %, 0 MiB, 45490 MiB, 46068 MiB, 23.34 W, 43
2026/04/02 09:16:49.011, 0 %, 0 %, 0 MiB, 45490 MiB, 46068 MiB, 31.49 W, 43
2026/04/02 09:16:50.011, 0 %, 0 %, 0 MiB, 45490 MiB, 46068 MiB, 27.43 W, 43
2026/04/02 09:16:51.012, 0 %, 0 %, 0 MiB, 45490 MiB, 46068 MiB, 23.34 W, 42
2026/04/02 09:16:52.012, 0 %, 0 %, 0 MiB, 45490 MiB, 46068 MiB, 23.22 W, 42
2026/04/02 09:16:53.012, 0 %, 0 %, 0 MiB, 45490 MiB, 46068 MiB, 23.18 W, 42
2026/04/02 09:16:54.013, 0 %, 0 %, 0 MiB, 45490 MiB, 46068 MiB, 23.21 W, 42
2026/04/02 09:16:55.013, 0 %, 0 %, 0 MiB, 45490 MiB, 46068 MiB, 23.17 W, 42
2026/04/02 09:16:56.014, 0 %, 0 %, 0 MiB, 45490 MiB, 46068 MiB, 23.20 W, 41
2026/04/02 09:16:57.014, 0 %, 0 %, 0 MiB, 45490 MiB, 46068 MiB, 23.13 W, 41
2026/04/02 09:16:58.015, 0 %, 0 %, 0 MiB, 45490 MiB, 46068 MiB, 23.04 W, 41
2026/04/02 09:16:59.015, 0 %, 0 %, 0 MiB, 45490 MiB, 46068 MiB, 23.08 W, 41
2026/04/02 09:17:00.016, 0 %, 0 %, 0 MiB, 45490 MiB, 46068 MiB, 23.08 W, 41
2026/04/02 09:17:01.016, 0 %, 0 %, 0 MiB, 45490 MiB, 46068 MiB, 23.06 W, 40
2026/04/02 09:17:02.017, 0 %, 0 %, 0 MiB, 45490 MiB, 46068 MiB, 23.05 W, 40
2026/04/02 09:17:03.017, 0 %, 0 %, 0 MiB, 45490 MiB, 46068 MiB, 23.04 W, 40
2026/04/02 09:17:04.017, 0 %, 0 %, 0 MiB, 45490 MiB, 46068 MiB, 23.02 W, 40
2026/04/02 09:17:05.018, 0 %, 0 %, 0 MiB, 45490 MiB, 46068 MiB, 23.03 W, 39
2026/04/02 09:17:06.018, 0 %, 0 %, 0 MiB, 45490 MiB, 46068 MiB, 23.06 W, 39
2026/04/02 09:17:07.019, 0 %, 0 %, 0 MiB, 45490 MiB, 46068 MiB, 23.02 W, 39
2026/04/02 09:17:08.019, 0 %, 0 %, 0 MiB, 45490 MiB, 46068 MiB, 22.94 W, 39
2026/04/02 09:17:09.021, 0 %, 0 %, 0 MiB, 45490 MiB, 46068 MiB, 22.88 W, 39
2026/04/02 09:17:10.022, 0 %, 0 %, 0 MiB, 45490 MiB, 46068 MiB, 22.87 W, 39
2026/04/02 09:17:11.022, 0 %, 0 %, 0 MiB, 45490 MiB, 46068 MiB, 22.87 W, 39
2026/04/02 09:17:12.023, 0 %, 0 %, 0 MiB, 45490 MiB, 46068 MiB, 22.83 W, 38
2026/04/02 09:17:13.023, 0 %, 0 %, 0 MiB, 45490 MiB, 46068 MiB, 22.83 W, 38
2026/04/02 09:17:14.024, 0 %, 0 %, 0 MiB, 45490 MiB, 46068 MiB, 22.82 W, 38
2026/04/02 09:17:15.024, 0 %, 0 %, 0 MiB, 45490 MiB, 46068 MiB, 22.81 W, 38
2026/04/02 09:17:16.025, 0 %, 0 %, 0 MiB, 45490 MiB, 46068 MiB, 22.80 W, 38
2026/04/02 09:17:17.025, 0 %, 0 %, 0 MiB, 45490 MiB, 46068 MiB, 22.78 W, 38
2026/04/02 09:17:18.026, 0 %, 0 %, 0 MiB, 45490 MiB, 46068 MiB, 22.78 W, 38
2026/04/02 09:17:19.026, 0 %, 0 %, 0 MiB, 45490 MiB, 46068 MiB, 22.66 W, 37
2026/04/02 09:17:20.026, 0 %, 0 %, 0 MiB, 45490 MiB, 46068 MiB, 22.61 W, 37
2026/04/02 09:17:21.027, 0 %, 0 %, 0 MiB, 45490 MiB, 46068 MiB, 22.61 W, 37
2026/04/02 09:17:22.027, 0 %, 0 %, 0 MiB, 45490 MiB, 46068 MiB, 22.54 W, 37
2026/04/02 09:17:23.028, 0 %, 0 %, 0 MiB, 45490 MiB, 46068 MiB, 22.56 W, 37
2026/04/02 09:17:24.028, 0 %, 0 %, 0 MiB, 45490 MiB, 46068 MiB, 22.57 W, 37
2026/04/02 09:17:25.029, 0 %, 0 %, 0 MiB, 45490 MiB, 46068 MiB, 22.52 W, 37
2026/04/02 09:17:26.029, 0 %, 0 %, 0 MiB, 45490 MiB, 46068 MiB, 22.60 W, 36
2026/04/02 09:17:27.030, 0 %, 0 %, 0 MiB, 45490 MiB, 46068 MiB, 22.64 W, 36
2026/04/02 09:17:28.030, 0 %, 0 %, 0 MiB, 45490 MiB, 46068 MiB, 22.57 W, 36
2026/04/02 09:17:29.031, 0 %, 0 %, 0 MiB, 45490 MiB, 46068 MiB, 22.50 W, 36
2026/04/02 09:17:30.031, 0 %, 0 %, 0 MiB, 45490 MiB, 46068 MiB, 22.46 W, 36
2026/04/02 09:17:31.031, 0 %, 0 %, 0 MiB, 45490 MiB, 46068 MiB, 22.44 W, 36
2026/04/02 09:17:32.032, 0 %, 0 %, 0 MiB, 45490 MiB, 46068 MiB, 22.39 W, 36
2026/04/02 09:17:33.032, 0 %, 0 %, 0 MiB, 45490 MiB, 46068 MiB, 22.39 W, 36
2026/04/02 09:17:34.033, 0 %, 0 %, 0 MiB, 45490 MiB, 46068 MiB, 22.42 W, 36
2026/04/02 09:17:35.033, 0 %, 0 %, 0 MiB, 45490 MiB, 46068 MiB, 22.42 W, 35
2026/04/02 09:17:36.034, 0 %, 0 %, 0 MiB, 45490 MiB, 46068 MiB, 22.37 W, 35
2026/04/02 09:17:37.034, 0 %, 0 %, 0 MiB, 45490 MiB, 46068 MiB, 22.38 W, 35
2026/04/02 09:17:38.035, 0 %, 0 %, 0 MiB, 45490 MiB, 46068 MiB, 22.45 W, 35
2026/04/02 09:17:39.035, 0 %, 0 %, 0 MiB, 45490 MiB, 46068 MiB, 22.41 W, 35
2026/04/02 09:17:40.036, 0 %, 0 %, 0 MiB, 45490 MiB, 46068 MiB, 22.37 W, 35
2026/04/02 09:17:41.036, 0 %, 0 %, 0 MiB, 45490 MiB, 46068 MiB, 22.38 W, 35
2026/04/02 09:17:42.036, 0 %, 0 %, 0 MiB, 45490 MiB, 46068 MiB, 22.39 W, 35
2026/04/02 09:17:43.037, 0 %, 0 %, 0 MiB, 45490 MiB, 46068 MiB, 22.37 W, 35
2026/04/02 09:17:44.037, 0 %, 0 %, 0 MiB, 45490 MiB, 46068 MiB, 22.30 W, 35
2026/04/02 09:17:45.038, 0 %, 0 %, 0 MiB, 45490 MiB, 46068 MiB, 22.25 W, 35
2026/04/02 09:17:46.038, 0 %, 0 %, 0 MiB, 45490 MiB, 46068 MiB, 22.28 W, 34
2026/04/02 09:17:47.039, 0 %, 0 %, 0 MiB, 45490 MiB, 46068 MiB, 22.35 W, 34
2026/04/02 09:17:48.039, 0 %, 0 %, 0 MiB, 45490 MiB, 46068 MiB, 22.56 W, 34
2026/04/02 09:17:49.040, 0 %, 0 %, 0 MiB, 45490 MiB, 46068 MiB, 22.57 W, 34
2026/04/02 09:17:50.040, 0 %, 0 %, 0 MiB, 45490 MiB, 46068 MiB, 22.34 W, 34
2026/04/02 09:17:51.040, 0 %, 0 %, 0 MiB, 45490 MiB, 46068 MiB, 29.06 W, 34
2026/04/02 09:17:52.041, 0 %, 0 %, 0 MiB, 45490 MiB, 46068 MiB, 25.67 W, 34
2026/04/02 09:17:53.041, 0 %, 0 %, 0 MiB, 45490 MiB, 46068 MiB, 22.26 W, 34
2026/04/02 09:17:54.042, 0 %, 0 %, 0 MiB, 45490 MiB, 46068 MiB, 22.22 W, 34
2026/04/02 09:17:55.042, 0 %, 0 %, 0 MiB, 45490 MiB, 46068 MiB, 22.31 W, 34
2026/04/02 09:17:56.043, 0 %, 0 %, 0 MiB, 45490 MiB, 46068 MiB, 22.37 W, 34
2026/04/02 09:17:57.043, 0 %, 0 %, 0 MiB, 45490 MiB, 46068 MiB, 22.25 W, 34
2026/04/02 09:17:58.044, 0 %, 0 %, 0 MiB, 45490 MiB, 46068 MiB, 22.23 W, 33
2026/04/02 09:17:59.044, 0 %, 0 %, 0 MiB, 45490 MiB, 46068 MiB, 22.24 W, 33
2026/04/02 09:18:00.045, 0 %, 0 %, 0 MiB, 45490 MiB, 46068 MiB, 22.19 W, 33
2026/04/02 09:18:01.045, 0 %, 0 %, 0 MiB, 45490 MiB, 46068 MiB, 22.23 W, 33
2026/04/02 09:18:02.045, 0 %, 0 %, 0 MiB, 45490 MiB, 46068 MiB, 22.31 W, 33
2026/04/02 09:18:03.046, 0 %, 0 %, 0 MiB, 45490 MiB, 46068 MiB, 22.30 W, 33
2026/04/02 09:18:04.046, 0 %, 0 %, 0 MiB, 45490 MiB, 46068 MiB, 22.22 W, 33
2026/04/02 09:18:05.047, 0 %, 0 %, 0 MiB, 45490 MiB, 46068 MiB, 22.21 W, 33
2026/04/02 09:18:06.047, 0 %, 0 %, 0 MiB, 45490 MiB, 46068 MiB, 22.23 W, 33
2026/04/02 09:18:07.048, 0 %, 0 %, 0 MiB, 45490 MiB, 46068 MiB, 22.17 W, 33
2026/04/02 09:18:08.048, 0 %, 0 %, 0 MiB, 45490 MiB, 46068 MiB, 22.17 W, 33
2026/04/02 09:18:09.049, 0 %, 0 %, 0 MiB, 45490 MiB, 46068 MiB, 22.21 W, 33
2026/04/02 09:18:10.049, 0 %, 0 %, 0 MiB, 45490 MiB, 46068 MiB, 22.19 W, 33
2026/04/02 09:18:11.050, 0 %, 0 %, 0 MiB, 45490 MiB, 46068 MiB, 22.14 W, 33
2026/04/02 09:18:12.050, 0 %, 0 %, 0 MiB, 45490 MiB, 46068 MiB, 22.17 W, 33
2026/04/02 09:18:13.051, 0 %, 0 %, 0 MiB, 45490 MiB, 46068 MiB, 22.15 W, 33
2026/04/02 09:18:14.051, 0 %, 0 %, 0 MiB, 45490 MiB, 46068 MiB, 22.15 W, 32
2026/04/02 09:18:15.051, 0 %, 0 %, 0 MiB, 45490 MiB, 46068 MiB, 22.24 W, 32
2026/04/02 09:18:16.052, 0 %, 0 %, 0 MiB, 45490 MiB, 46068 MiB, 22.22 W, 32
2026/04/02 09:18:17.052, 0 %, 0 %, 0 MiB, 45490 MiB, 46068 MiB, 22.18 W, 32
2026/04/02 09:18:18.053, 0 %, 0 %, 0 MiB, 45490 MiB, 46068 MiB, 22.17 W, 32
2026/04/02 09:18:19.053, 0 %, 0 %, 0 MiB, 45490 MiB, 46068 MiB, 22.17 W, 32
2026/04/02 09:18:20.054, 0 %, 0 %, 0 MiB, 45490 MiB, 46068 MiB, 22.20 W, 32
2026/04/02 09:18:21.054, 0 %, 0 %, 0 MiB, 45490 MiB, 46068 MiB, 22.15 W, 32
2026/04/02 09:18:22.055, 0 %, 0 %, 0 MiB, 45490 MiB, 46068 MiB, 22.15 W, 32
2026/04/02 09:18:23.055, 0 %, 0 %, 0 MiB, 45490 MiB, 46068 MiB, 22.19 W, 32
2026/04/02 09:18:24.055, 0 %, 0 %, 0 MiB, 45490 MiB, 46068 MiB, 22.14 W, 32
2026/04/02 09:18:25.056, 0 %, 0 %, 0 MiB, 45490 MiB, 46068 MiB, 22.12 W, 32
2026/04/02 09:18:26.056, 0 %, 0 %, 0 MiB, 45490 MiB, 46068 MiB, 22.14 W, 32
2026/04/02 09:18:27.057, 0 %, 0 %, 0 MiB, 45490 MiB, 46068 MiB, 22.19 W, 32
2026/04/02 09:18:28.057, 0 %, 0 %, 0 MiB, 45490 MiB, 46068 MiB, 22.19 W, 32
2026/04/02 09:18:29.058, 0 %, 0 %, 0 MiB, 45490 MiB, 46068 MiB, 22.10 W, 32
2026/04/02 09:18:30.058, 0 %, 0 %, 0 MiB, 45490 MiB, 46068 MiB, 22.05 W, 32
2026/04/02 09:18:31.059, 0 %, 0 %, 0 MiB, 45490 MiB, 46068 MiB, 22.04 W, 32
2026/04/02 09:18:32.059, 0 %, 0 %, 0 MiB, 45490 MiB, 46068 MiB, 22.09 W, 32
2026/04/02 09:18:33.060, 0 %, 0 %, 0 MiB, 45490 MiB, 46068 MiB, 22.08 W, 32
2026/04/02 09:18:34.060, 0 %, 0 %, 0 MiB, 45490 MiB, 46068 MiB, 22.06 W, 32
2026/04/02 09:18:35.060, 0 %, 0 %, 0 MiB, 45490 MiB, 46068 MiB, 22.09 W, 32
2026/04/02 09:18:36.061, 0 %, 0 %, 0 MiB, 45490 MiB, 46068 MiB, 22.15 W, 31
2026/04/02 09:18:37.061, 0 %, 0 %, 0 MiB, 45490 MiB, 46068 MiB, 22.17 W, 31
2026/04/02 09:18:38.062, 0 %, 0 %, 0 MiB, 45490 MiB, 46068 MiB, 22.11 W, 31
2026/04/02 09:18:39.062, 0 %, 0 %, 0 MiB, 45490 MiB, 46068 MiB, 22.12 W, 31
2026/04/02 09:18:40.063, 0 %, 0 %, 0 MiB, 45490 MiB, 46068 MiB, 22.06 W, 31
2026/04/02 09:18:41.063, 0 %, 0 %, 0 MiB, 45490 MiB, 46068 MiB, 22.01 W, 31
2026/04/02 09:18:42.064, 0 %, 0 %, 0 MiB, 45490 MiB, 46068 MiB, 22.04 W, 31
2026/04/02 09:18:43.064, 0 %, 0 %, 0 MiB, 45490 MiB, 46068 MiB, 22.06 W, 31
2026/04/02 09:18:44.064, 0 %, 0 %, 0 MiB, 45490 MiB, 46068 MiB, 22.05 W, 31
2026/04/02 09:18:45.065, 0 %, 0 %, 0 MiB, 45490 MiB, 46068 MiB, 22.03 W, 31
2026/04/02 09:18:46.065, 0 %, 0 %, 0 MiB, 45490 MiB, 46068 MiB, 22.10 W, 31
2026/04/02 09:18:47.066, 0 %, 0 %, 0 MiB, 45490 MiB, 46068 MiB, 22.16 W, 31
2026/04/02 09:18:48.066, 0 %, 0 %, 0 MiB, 45490 MiB, 46068 MiB, 22.09 W, 31
2026/04/02 09:18:49.067, 0 %, 0 %, 0 MiB, 45490 MiB, 46068 MiB, 22.50 W, 31
2026/04/02 09:18:50.067, 0 %, 0 %, 0 MiB, 45490 MiB, 46068 MiB, 22.46 W, 31
2026/04/02 09:18:51.068, 0 %, 0 %, 0 MiB, 45490 MiB, 46068 MiB, 22.02 W, 31
2026/04/02 09:18:52.068, 0 %, 0 %, 0 MiB, 45490 MiB, 46068 MiB, 27.51 W, 31
2026/04/02 09:18:53.069, 0 %, 0 %, 0 MiB, 45490 MiB, 46068 MiB, 24.82 W, 31
2026/04/02 09:18:54.069, 0 %, 0 %, 0 MiB, 45490 MiB, 46068 MiB, 22.06 W, 31
2026/04/02 09:18:55.070, 0 %, 0 %, 0 MiB, 45490 MiB, 46068 MiB, 22.02 W, 31
2026/04/02 09:18:56.070, 0 %, 0 %, 0 MiB, 45490 MiB, 46068 MiB, 22.02 W, 31
2026/04/02 09:18:57.070, 0 %, 0 %, 0 MiB, 45490 MiB, 46068 MiB, 22.01 W, 31
2026/04/02 09:18:58.071, 0 %, 0 %, 0 MiB, 45490 MiB, 46068 MiB, 22.02 W, 31
2026/04/02 09:18:59.071, 0 %, 0 %, 0 MiB, 45490 MiB, 46068 MiB, 22.04 W, 31
2026/04/02 09:19:00.072, 0 %, 0 %, 0 MiB, 45490 MiB, 46068 MiB, 22.07 W, 31
2026/04/02 09:19:01.072, 0 %, 0 %, 0 MiB, 45490 MiB, 46068 MiB, 22.04 W, 31
2026/04/02 09:19:02.073, 0 %, 0 %, 0 MiB, 45490 MiB, 46068 MiB, 22.02 W, 30
2026/04/02 09:19:03.073, 0 %, 0 %, 0 MiB, 45490 MiB, 46068 MiB, 22.05 W, 30
2026/04/02 09:19:04.074, 0 %, 0 %, 0 MiB, 45490 MiB, 46068 MiB, 22.02 W, 30
2026/04/02 09:19:05.074, 0 %, 0 %, 0 MiB, 45490 MiB, 46068 MiB, 21.96 W, 30
2026/04/02 09:19:06.074, 0 %, 0 %, 0 MiB, 45490 MiB, 46068 MiB, 21.96 W, 30
2026/04/02 09:19:07.075, 0 %, 0 %, 0 MiB, 45490 MiB, 46068 MiB, 22.03 W, 30
2026/04/02 09:19:08.075, 0 %, 0 %, 0 MiB, 45490 MiB, 46068 MiB, 22.06 W, 30
2026/04/02 09:19:09.076, 0 %, 0 %, 0 MiB, 45490 MiB, 46068 MiB, 22.02 W, 30
2026/04/02 09:19:10.076, 0 %, 0 %, 0 MiB, 45490 MiB, 46068 MiB, 22.02 W, 30
2026/04/02 09:19:11.076, 0 %, 0 %, 0 MiB, 45490 MiB, 46068 MiB, 22.03 W, 30
2026/04/02 09:19:12.077, 0 %, 0 %, 0 MiB, 45490 MiB, 46068 MiB, 22.03 W, 30
2026/04/02 09:19:13.077, 0 %, 0 %, 0 MiB, 45490 MiB, 46068 MiB, 21.99 W, 30
2026/04/02 09:19:14.078, 0 %, 0 %, 0 MiB, 45490 MiB, 46068 MiB, 21.98 W, 30
2026/04/02 09:19:15.078, 0 %, 0 %, 0 MiB, 45490 MiB, 46068 MiB, 22.02 W, 30
2026/04/02 09:19:16.079, 0 %, 0 %, 0 MiB, 45490 MiB, 46068 MiB, 22.01 W, 30
2026/04/02 09:19:17.079, 0 %, 0 %, 0 MiB, 45490 MiB, 46068 MiB, 21.93 W, 30
2026/04/02 09:19:18.079, 0 %, 0 %, 0 MiB, 45490 MiB, 46068 MiB, 21.94 W, 30
2026/04/02 09:19:19.080, 0 %, 0 %, 0 MiB, 45490 MiB, 46068 MiB, 22.04 W, 30
2026/04/02 09:19:20.080, 0 %, 0 %, 0 MiB, 45490 MiB, 46068 MiB, 22.07 W, 30
2026/04/02 09:19:21.081, 0 %, 0 %, 0 MiB, 45490 MiB, 46068 MiB, 22.03 W, 30
2026/04/02 09:19:22.081, 0 %, 0 %, 0 MiB, 45490 MiB, 46068 MiB, 21.98 W, 30
2026/04/02 09:19:23.082, 0 %, 0 %, 0 MiB, 45490 MiB, 46068 MiB, 21.94 W, 30
2026/04/02 09:19:24.082, 0 %, 0 %, 0 MiB, 45490 MiB, 46068 MiB, 21.98 W, 30
2026/04/02 09:19:25.083, 0 %, 0 %, 0 MiB, 45490 MiB, 46068 MiB, 22.04 W, 30
2026/04/02 09:19:26.083, 0 %, 0 %, 0 MiB, 45490 MiB, 46068 MiB, 22.00 W, 30
2026/04/02 09:19:27.084, 0 %, 0 %, 0 MiB, 45490 MiB, 46068 MiB, 22.27 W, 30
2026/04/02 09:19:28.084, 0 %, 0 %, 0 MiB, 45490 MiB, 46068 MiB, 22.29 W, 30
2026/04/02 09:19:29.085, 0 %, 0 %, 0 MiB, 45490 MiB, 46068 MiB, 22.01 W, 30
2026/04/02 09:19:30.085, 0 %, 0 %, 0 MiB, 45490 MiB, 46068 MiB, 28.12 W, 30
2026/04/02 09:19:31.085, 0 %, 0 %, 0 MiB, 45490 MiB, 46068 MiB, 25.05 W, 30
2026/04/02 09:19:32.086, 0 %, 0 %, 0 MiB, 45490 MiB, 46068 MiB, 21.97 W, 30
2026/04/02 09:19:33.086, 0 %, 0 %, 0 MiB, 45490 MiB, 46068 MiB, 22.00 W, 30
2026/04/02 09:19:34.087, 0 %, 0 %, 0 MiB, 45490 MiB, 46068 MiB, 22.02 W, 30
2026/04/02 09:19:35.087, 0 %, 0 %, 0 MiB, 45490 MiB, 46068 MiB, 22.04 W, 30
